1,0,1,0,0,0,0,0,END,0,0,0,0
2,0,36,0,0,0,1,2,VEHICLE,5,3,3.24105,127.504
3,0,36,1,1,0,3,4,VEHICLE,9,17,-0.347996,239.652
4,0,36,3,3,1,5,6,VEHICLE,0,5,-0.486529,50.3145
5,0,36,5,3,3,7,8,VEHICLE,9,17,3.15975,-260.857
6,0,36,8,0,5,9,10,VEHICLE,3,0,0.230786,56.2927
7,0,36,9,1,8,11,12,VEHICLE,12,6,-1.38621,324.691
8,0,36,11,0,9,13,14,VEHICLE,11,14,0.136659,-25.0706
9,0,36,13,0,11,15,16,VEHICLE,8,2,14.1859,-193.865
10,0,36,12,0,9,17,18,VEHICLE,7,1,-0.0284731,39.7522
11,0,36,18,0,12,19,20,VEHICLE,2,0,0.322847,63.0808
12,0,36,6,0,3,21,22,VEHICLE,15,9,-0.0793718,131.459
13,0,36,2,1,0,23,24,VEHICLE,17,16,0.849513,24.5541
14,0,36,23,1,2,25,26,VEHICLE,9,5,-28.4282,4875.68
15,0,36,25,1,23,27,28,VEHICLE,8,16,-131.848,3317.35
16,0,36,27,1,25,29,30,VEHICLE,8,14,4.29654,-72.1024
17,0,36,29,1,27,31,32,VEHICLE,7,0,-261.816,11297
18,0,71,0,0,0,1,2,IRIS,0,2,-0.0674829,3.29999
19,0,71,2,1,0,3,4,IRIS,0,3,-0.229721,3.12324
20,0,71,3,0,2,5,6,IRIS,3,2,-0.382604,5.53527
21,0,71,6,0,3,7,8,IRIS,2,1,10.6244,-51.4307
22,0,71,0,0,0,0,0,END,0,0,0,0
23,0,72,0,0,0,1,2,IRIS,3,0,-6.74194,10.6134
24,0,72,2,0,0,3,4,IRIS,2,3,-0.593733,4.45872
25,0,72,4,0,2,5,6,IRIS,1,2,1.71238,-0.52948
26,0,72,0,0,0,0,0,END,0,0,0,0
27,0,73,0,2,0,1,2,LANDSAT,19,21,1.43822,-78.5746
28,0,73,2,2,0,3,4,LANDSAT,16,21,1.45542,-8.8167
29,0,73,3,1,2,5,6,LANDSAT,34,33,-1.19602,211.592
30,0,73,5,1,3,7,8,LANDSAT,27,18,-0.0798566,93.3887
31,0,73,7,1,5,9,10,LANDSAT,9,4,0.037167,58.8424
32,0,73,9,1,7,11,12,LANDSAT,27,9,0.113194,55.5117
33,0,73,12,0,9,13,14,LANDSAT,3,7,-0.856939,116.17
34,0,73,13,0,12,15,16,LANDSAT,15,14,0.211542,69.2698
35,0,73,14,1,12,17,18,LANDSAT,31,16,0.226826,44.6004
36,0,73,17,1,14,19,20,LANDSAT,12,4,0.408196,32.4028
37,0,73,19,0,17,21,22,LANDSAT,15,14,-8.24858,755.731
38,0,73,20,1,17,23,24,LANDSAT,26,0,-0.368244,100.871
39,0,73,10,0,7,25,26,LANDSAT,21,23,2.86811,-119.15
40,0,73,25,0,10,27,28,LANDSAT,26,6,-1.24338,186.042
41,0,73,28,0,25,29,30,LANDSAT,29,31,0.942821,-1.08831
42,0,73,29,0,28,31,32,LANDSAT,15,13,-1.22789,167.545
43,0,73,31,0,29,33,34,LANDSAT,13,20,1.43754,-30.423
44,0,73,32,0,29,35,36,LANDSAT,18,24,1.10617,-19.0521
45,0,73,35,0,32,37,38,LANDSAT,0,25,1.8989,-59.7959
46,0,73,37,1,35,39,40,LANDSAT,23,9,0.0599685,82.5419
47,0,73,40,0,37,41,42,LANDSAT,16,26,-15.4655,1213.37
48,0,73,41,0,40,43,44,LANDSAT,5,12,12.0279,-964.647
49,0,73,30,0,28,45,46,LANDSAT,4,14,0.954587,15.8437
50,0,73,45,0,30,47,48,LANDSAT,7,3,-45.4398,3853.83
51,0,73,46,0,30,49,50,LANDSAT,7,3,-0.610556,122.41
52,0,73,26,0,10,51,52,LANDSAT,4,26,-0.225391,110.731
53,0,73,51,0,26,53,54,LANDSAT,5,30,-2.81816,266.196
54,0,73,53,0,51,55,56,LANDSAT,11,26,-0.846223,133.563
55,0,73,55,0,53,57,58,LANDSAT,33,15,-2.45548,200.794
56,0,73,52,0,26,59,60,LANDSAT,33,1,2.81877,-55.6479
57,0,73,8,3,5,61,62,LANDSAT,3,17,0.6809,28.3917
58,0,73,61,0,8,63,64,LANDSAT,31,10,0.932871,29.8241
59,0,73,63,0,61,65,66,LANDSAT,13,12,1.63111,-68.0222
60,0,73,65,0,63,67,68,LANDSAT,9,12,-0.211679,80.5971
61,0,73,66,0,63,69,70,LANDSAT,31,9,0.71814,-19.0232
62,0,73,70,0,66,71,72,LANDSAT,4,20,0.147966,63.7681
63,0,73,71,0,70,73,74,LANDSAT,25,11,-0.818026,98.8895
64,0,73,74,0,71,75,76,LANDSAT,17,0,-17.4503,1367.66
65,0,73,76,0,74,77,78,LANDSAT,7,31,-0.128318,87.1036
66,0,73,64,1,61,79,80,LANDSAT,9,23,3.28396,-175.953
67,0,73,79,0,64,81,82,LANDSAT,31,20,0.40767,39.2057
68,0,73,82,0,79,83,84,LANDSAT,31,17,-0.0127015,86.5992
69,0,73,62,1,8,85,86,LANDSAT,19,8,-1.34309,187.567
70,0,73,85,1,62,87,88,LANDSAT,4,19,0.903907,20.9673
71,0,73,87,1,85,89,90,LANDSAT,31,24,-1.39735,178.108
72,0,73,89,1,87,91,92,LANDSAT,20,10,16.6522,-1176.5
73,0,73,91,0,89,93,94,LANDSAT,20,30,5.47255,-337.719
74,0,73,94,1,91,95,96,LANDSAT,2,15,-1.14945,186.336
75,0,73,92,0,89,97,98,LANDSAT,33,34,-1.32852,193.46
76,0,73,98,0,92,99,100,LANDSAT,0,29,-21.9722,1601.57
77,0,73,99,0,98,101,102,LANDSAT,25,27,-0.816342,142.258
78,0,73,100,0,98,103,104,LANDSAT,4,10,-43.9217,3269.57
79,0,73,103,0,100,105,106,LANDSAT,28,25,-1.29413,178.233
80,0,73,104,0,100,107,108,LANDSAT,7,16,1.59443,-41.3267
81,0,73,90,0,87,109,110,LANDSAT,20,10,4.91509,-265.537
82,0,73,109,0,90,111,112,LANDSAT,6,29,-1.52241,251.687
83,0,73,110,1,90,113,114,LANDSAT,4,10,0.620272,54.7746
84,0,73,113,1,110,115,116,LANDSAT,4,10,0.603954,47.2736
85,0,73,115,0,113,117,118,LANDSAT,8,28,1.10786,-6.12787
86,0,73,86,1,62,119,120,LANDSAT,13,23,0.780629,3.6545
87,0,73,6,0,3,121,122,LANDSAT,5,2,-0.695679,156.509
88,0,73,121,3,6,123,124,LANDSAT,31,24,2.90092,-180.432
89,0,73,123,0,121,125,126,LANDSAT,35,18,0.163572,90.7269
90,0,73,125,0,123,127,128,LANDSAT,26,4,1.67188,-101.846
91,0,73,124,3,121,129,130,LANDSAT,17,7,-2.32472,285.417
92,0,73,129,1,124,131,132,LANDSAT,0,3,-0.0133123,72.6509
93,0,73,132,2,129,133,134,LANDSAT,35,18,1.27312,-11.1943
94,0,73,122,0,6,135,136,LANDSAT,12,2,-198.303,15562.4
95,0,73,135,0,122,137,138,LANDSAT,30,20,-0.662698,150.444
96,0,73,137,0,135,139,140,LANDSAT,11,6,-0.427748,146.452
97,0,73,136,0,122,141,142,LANDSAT,31,19,-1.0743,180.286
98,0,73,141,0,136,143,144,LANDSAT,16,30,1.79535,-51.7111
99,0,73,144,0,141,145,146,LANDSAT,15,9,-0.133665,109.633
100,0,73,145,0,144,147,148,LANDSAT,9,3,-0.0274121,82.0358
101,0,73,142,0,136,149,150,LANDSAT,3,21,25.644,-2429.97
102,0,73,4,0,2,151,152,LANDSAT,11,9,3.26484,-148.801
103,0,73,151,0,4,153,154,LANDSAT,16,27,1.26455,-13.8332
104,0,73,153,0,151,155,156,LANDSAT,12,13,-0.760852,141.543
105,0,73,155,0,153,157,158,LANDSAT,22,1,-0.351954,98.635
106,0,73,158,0,155,159,160,LANDSAT,31,20,0.257014,69.7659
107,0,73,160,0,158,161,162,LANDSAT,1,5,-2.24816,331.132
108,0,73,156,1,153,163,164,LANDSAT,9,23,0.371446,50.8306
109,0,73,163,0,156,165,166,LANDSAT,31,20,-0.122401,94.2067
110,0,73,165,0,163,167,168,LANDSAT,31,17,-0.724462,152.977
111,0,73,0,0,0,0,0,END,0,0,0,0
112,0,74,0,2,0,1,2,VEHICLE,8,7,0.287525,36.885
113,0,74,1,0,0,3,4,VEHICLE,8,5,0.594439,-6.35497
114,0,74,4,0,1,5,6,VEHICLE,7,4,-1.40317,120.098
115,0,74,5,0,4,7,8,VEHICLE,14,8,0.356719,18.5006
116,0,74,8,1,5,9,10,VEHICLE,13,16,1.98675,56.8596
117,0,74,9,1,8,11,12,VEHICLE,13,16,-57.9244,4275.59
118,0,74,11,1,9,13,14,VEHICLE,10,14,2.22246,-474.503
119,0,74,12,1,9,15,16,VEHICLE,11,12,-0.243401,323.317
120,0,74,16,1,12,17,18,VEHICLE,5,8,0.810874,14.349
121,0,74,18,1,16,19,20,VEHICLE,4,8,0.00210257,24.3739
122,0,74,19,0,18,21,22,VEHICLE,7,10,-98.6758,3343.29
123,0,74,21,1,19,23,24,VEHICLE,9,7,2.76326,-445.729
124,0,74,10,0,8,25,26,VEHICLE,5,17,-1.11977,215.728
125,0,74,25,0,10,27,28,VEHICLE,1,10,0.231576,187.85
126,0,74,6,0,4,29,30,VEHICLE,8,4,0.00798369,66.9668
127,0,74,2,1,0,31,32,VEHICLE,12,8,-0.00101432,19.6877
128,0,74,31,1,2,33,34,VEHICLE,14,8,-0.00000993154,18.5209
129,0,74,33,0,31,35,36,VEHICLE,0,8,-0.00119543,17.6553
130,0,74,36,0,33,37,38,VEHICLE,9,17,15.7606,-1929.93
131,0,74,38,0,36,39,40,VEHICLE,1,17,-1.19357,238.198
132,0,74,39,1,38,41,42,VEHICLE,5,14,2.4853,-8.74716
133,0,74,41,0,39,43,44,VEHICLE,10,11,3.19646,-233.205
134,0,74,42,0,39,45,46,VEHICLE,10,11,-2.04605,587.737
135,0,74,46,0,42,47,48,VEHICLE,5,0,3.07246,71.0863
136,0,74,40,1,38,49,50,VEHICLE,16,15,0.635692,-104.339
137,0,74,49,0,40,51,52,VEHICLE,1,7,-1.18062,96.7125
138,0,74,34,0,31,53,54,VEHICLE,0,5,-0.557614,56.6145
139,0,74,54,1,34,55,56,VEHICLE,12,9,-0.163676,159.602
140,0,74,55,0,54,57,58,VEHICLE,11,10,-0.287651,264.005
141,0,74,58,1,55,59,60,VEHICLE,17,13,0.199967,28.4661
142,0,74,59,1,58,61,62,VEHICLE,7,12,-20.7386,1052.9
143,0,74,56,1,54,63,64,VEHICLE,11,2,0.0160743,72.8183
144,0,74,63,2,56,65,66,VEHICLE,13,3,-15.0224,1142.73
145,0,74,65,0,63,67,68,VEHICLE,7,16,7.99645,-164.869
146,0,74,66,2,63,69,70,VEHICLE,12,0,0.0684015,80.6374
147,0,74,69,1,66,71,72,VEHICLE,4,3,-3.35345,355.714
148,0,74,71,0,69,73,74,VEHICLE,4,3,-13.8736,906.057
149,0,74,0,0,0,0,0,END,0,0,0,0
150,0,103,0,2,0,1,2,IRIS,3,2,-2.20898,4.1249
151,0,103,1,0,0,3,4,IRIS,2,3,-0.439537,1.06099
152,0,103,2,1,0,5,6,IRIS,0,3,-0.229858,3.22499
153,0,103,0,0,0,0,0,END,0,0,0,0
154,0,105,0,1,0,1,2,IRIS,2,1,0.515858,1.6244
155,0,105,1,0,0,3,4,IRIS,1,2,-0.0614198,4.96146
156,0,105,0,0,0,0,0,END,0,0,0,0
157,0,106,0,1,0,1,2,VEHICLE,1,9,2.46987,38.2544
158,0,107,0,0,0,1,2,VEHICLE,6,11,-3.59948,1250.61
159,0,107,1,2,0,3,4,VEHICLE,6,11,-3.00136,855.155
160,0,107,3,0,1,5,6,VEHICLE,6,11,-2.47052,671.286
161,0,107,5,0,3,7,8,VEHICLE,6,11,-2.40366,581.854
162,0,107,7,0,5,9,10,VEHICLE,6,11,-2.44877,530.784
163,0,107,9,0,7,11,12,VEHICLE,6,11,2.52825,-96.0028
164,0,107,8,0,5,13,14,VEHICLE,6,11,-3.15829,725.281
165,0,107,0,0,0,0,0,END,0,0,0,0
166,0,108,0,0,0,1,2,VEHICLE,3,16,0.752601,62.7874
167,0,108,1,0,0,3,4,VEHICLE,14,8,0.355741,19.3821
168,0,108,4,0,1,5,6,VEHICLE,7,11,130.33,-3071.15
169,0,108,5,0,4,7,8,VEHICLE,15,14,0.0179336,7.12732
170,0,108,7,0,5,9,10,VEHICLE,8,11,-238.37,5979.34
171,0,108,9,0,7,11,12,VEHICLE,8,11,-2410.91,52399.2
172,0,108,11,0,9,13,14,VEHICLE,8,11,-164.205,3848.18
173,0,108,2,1,0,15,16,VEHICLE,17,5,-0.432465,90.3947
174,0,109,0,2,0,1,2,LANDSAT,8,31,1.39791,21.8337
175,0,109,0,0,0,0,0,END,0,0,0,0
176,0,116,0,0,0,1,2,IRIS,3,2,-1.40316,3.31954
177,0,116,2,0,0,3,4,IRIS,3,2,-1.4555,7.33131
178,0,116,4,0,2,5,6,IRIS,3,1,2.97068,-2.24332
179,0,116,6,0,4,7,8,IRIS,2,3,4.51282,-22.2127
180,0,116,0,0,0,0,0,END,0,0,0,0
181,0,117,0,2,0,1,2,VEHICLE,5,8,0.399578,15.9392
182,0,117,1,1,0,3,4,VEHICLE,11,0,0.0257029,77.372
183,0,117,3,0,1,5,6,VEHICLE,13,14,0.34759,-23.8761
184,0,117,5,1,3,7,8,VEHICLE,3,8,-0.0531481,24.3657
185,0,117,7,1,5,9,10,VEHICLE,3,15,10.2014,-1178.98
186,0,117,8,0,5,11,12,VEHICLE,6,14,-0.208453,30.2119
187,0,117,6,1,3,13,14,VEHICLE,5,15,0.170387,17.2997
188,0,117,13,0,6,15,16,VEHICLE,0,4,47.5497,-3853
189,0,117,14,0,6,17,18,VEHICLE,3,15,0.0115141,21.0634
190,0,117,4,1,1,19,20,VEHICLE,5,15,0.538432,9.95423
191,0,117,19,1,4,21,22,VEHICLE,3,15,0.0956556,-12.781
192,0,117,21,2,19,23,24,VEHICLE,6,14,139.799,-21046.7
193,0,117,23,0,21,25,26,VEHICLE,0,4,-1.95238,245.071
194,0,117,24,1,21,27,28,VEHICLE,3,8,0.0105009,16.5105
195,0,117,22,1,19,29,30,VEHICLE,3,15,0.0814603,-6.10145
196,0,117,29,0,22,31,32,VEHICLE,5,6,6.28688,95.5569
197,0,117,31,0,29,33,34,VEHICLE,15,4,-0.357606,56.5469
198,0,117,32,0,29,35,36,VEHICLE,3,8,0.0265363,14.5175
199,0,117,30,2,22,37,38,VEHICLE,5,8,0.23717,16.9277
200,0,117,37,1,30,39,40,VEHICLE,3,8,0.0528976,9.26581
201,0,117,39,0,37,41,42,VEHICLE,5,6,-0.21675,154.625
202,0,117,40,1,37,43,44,VEHICLE,3,15,-0.0846079,19.9483
203,0,117,43,1,40,45,46,VEHICLE,13,14,1.8577,-100.525
204,0,117,45,1,43,47,48,VEHICLE,6,14,-0.587375,78.6411
205,0,117,47,0,45,49,50,VEHICLE,0,8,0.234428,-2.24342
206,0,117,48,1,45,51,52,VEHICLE,5,17,-20.3831,340.264
207,0,117,52,0,48,53,54,VEHICLE,3,8,-0.146164,39.3912
208,0,117,38,1,30,55,56,VEHICLE,3,8,-0.0178144,21.7677
209,0,117,55,0,38,57,58,VEHICLE,3,15,0.121988,-7.40597
210,0,117,56,0,38,59,60,VEHICLE,3,8,0.0204291,16.1966
211,0,117,20,0,4,61,62,VEHICLE,8,5,0,6.34075
212,0,117,61,0,20,63,64,VEHICLE,5,8,3.93228,3.34586
213,0,117,63,0,61,65,66,VEHICLE,13,14,1.5116,-102.081
214,0,117,65,0,63,67,68,VEHICLE,15,4,-0.175435,56.1769
215,0,117,68,0,65,69,70,VEHICLE,3,15,-0.708251,98.5271
216,0,117,66,1,63,71,72,VEHICLE,3,8,-0.0129105,19.3821
217,0,117,64,0,61,73,74,VEHICLE,3,15,-2.87505,345.242
218,0,117,62,0,20,75,76,VEHICLE,3,15,-0.060052,36.4748
219,0,117,75,0,62,77,78,VEHICLE,0,8,0.599181,-34.9995
220,0,117,77,0,75,79,80,VEHICLE,15,4,4.12902,-27.7611
221,0,117,79,2,77,81,82,VEHICLE,5,6,18.0901,-6.80029
222,0,117,82,0,79,83,84,VEHICLE,3,8,-0.0860373,32.0049
223,0,117,78,0,75,85,86,VEHICLE,5,8,-0.361505,22.7462
224,0,117,85,0,78,87,88,VEHICLE,5,8,-0.926486,25.0457
225,0,117,88,0,85,89,90,VEHICLE,13,14,0.625601,-33.2797
226,0,117,76,0,62,91,92,VEHICLE,5,6,27.213,-71.5625
227,0,117,2,0,0,93,94,VEHICLE,5,8,0.944052,14.9901
228,0,117,93,1,2,95,96,VEHICLE,5,8,0.75233,13.3951
229,0,117,95,1,93,97,98,VEHICLE,5,6,10.5613,63.4564
230,0,117,97,0,95,99,100,VEHICLE,13,14,3.31294,-211.803
231,0,117,98,0,95,101,102,VEHICLE,13,14,0.018365,5.17743
232,0,117,96,1,93,103,104,VEHICLE,0,8,-0.00690284,22.1739
233,0,117,103,0,96,105,106,VEHICLE,5,8,-0.669703,24.387
234,0,117,105,0,103,107,108,VEHICLE,5,8,-1.40459,26.578
235,0,117,107,1,105,109,110,VEHICLE,6,14,6.477,-902.955
236,0,117,109,0,107,111,112,VEHICLE,3,8,0.206293,-12.9117
237,0,117,110,0,107,113,114,VEHICLE,5,6,-175.913,946.049
238,0,117,108,0,105,115,116,VEHICLE,6,14,-0.315388,59.8606
239,0,117,115,0,108,117,118,VEHICLE,0,4,0.994637,-40.6436
240,0,117,118,0,115,119,120,VEHICLE,0,4,0.987445,-24.2542
241,0,117,119,0,118,121,122,VEHICLE,13,14,2.21919,-155.732
242,0,117,121,0,119,123,124,VEHICLE,6,14,0.177762,-20.5786
243,0,117,124,0,121,125,126,VEHICLE,5,15,-1.06816,22.8885
244,0,117,122,0,119,127,128,VEHICLE,0,8,-0.260553,42.4414
245,0,117,127,0,122,129,130,VEHICLE,0,4,0.0536849,56.8728
246,0,117,128,0,122,131,132,VEHICLE,3,15,0.598441,-84.8652
247,0,117,131,0,128,133,134,VEHICLE,5,6,14.5974,46.6067
248,0,117,116,0,108,135,136,VEHICLE,6,14,-2.06299,329.995
249,0,117,135,0,116,137,138,VEHICLE,0,4,0.481818,11.8652
250,0,117,136,0,116,139,140,VEHICLE,3,8,0.199364,-18.4644
251,0,117,106,0,103,141,142,VEHICLE,3,15,1.17185,-206.768
252,0,117,141,2,106,143,144,VEHICLE,5,17,5.12506,160.149
253,0,117,143,1,141,145,146,VEHICLE,5,6,-0.965102,184.113
254,0,117,145,0,143,147,148,VEHICLE,11,0,0.226082,-5.09964
255,0,117,144,1,141,149,150,VEHICLE,5,6,47.0662,-209.323
256,0,117,142,0,106,151,152,VEHICLE,11,0,-12.5169,5371.44
257,0,117,151,0,142,153,154,VEHICLE,5,6,-3.92948,192.001
258,0,117,153,1,151,155,156,VEHICLE,13,14,-4.12171,282.471
259,0,117,156,0,153,157,158,VEHICLE,3,15,2.9726,-486.058
260,0,117,158,0,156,159,160,VEHICLE,15,4,0.238492,56.122
261,0,117,152,0,142,161,162,VEHICLE,5,6,2.56832,156.894
262,0,117,104,0,96,163,164,VEHICLE,11,0,0.0594872,65.8553
263,0,117,163,1,104,165,166,VEHICLE,11,0,0.0667379,56.8245
264,0,117,165,1,163,167,168,VEHICLE,3,15,-0.7302,171.985
265,0,117,168,1,165,169,170,VEHICLE,5,6,1.94248,195.401
266,0,117,169,0,168,171,172,VEHICLE,5,6,0.412287,198.699
267,0,117,170,1,168,173,174,VEHICLE,13,14,0.429182,-17.6639
268,0,117,166,0,163,175,176,VEHICLE,11,0,0.061512,62.196
269,0,117,175,0,166,177,178,VEHICLE,5,8,-4.94993,76.055
270,0,117,177,0,175,179,180,VEHICLE,5,8,-4.06224,57.0207
271,0,117,180,1,177,181,182,VEHICLE,5,15,12.7384,-102.945
272,0,117,181,1,180,183,184,VEHICLE,5,15,33.3773,-311.188
273,0,117,183,1,181,185,186,VEHICLE,0,8,0.390812,-15.7811
274,0,117,178,0,175,187,188,VEHICLE,0,4,0.891874,-32.4931
275,0,117,188,0,178,189,190,VEHICLE,0,4,0.35022,28.7427
276,0,117,176,0,166,191,192,VEHICLE,5,6,9.77667,106.647
277,0,117,192,0,176,193,194,VEHICLE,5,6,4.87364,165.743
278,0,117,193,0,192,195,196,VEHICLE,3,8,-0.0132847,26.593
279,0,117,194,0,192,197,198,VEHICLE,3,8,-0.0649449,37.6213
280,0,117,164,0,104,199,200,VEHICLE,6,14,-0.215989,56.8204
281,0,117,199,0,164,201,202,VEHICLE,3,15,0.0912276,-0.867925
282,0,117,201,0,199,203,204,VEHICLE,13,14,5.48814,-357.513
283,0,117,204,0,201,205,206,VEHICLE,5,15,69.4989,-652.157
284,0,117,205,0,204,207,208,VEHICLE,5,15,7.11517,-73.8559
285,0,117,202,0,199,209,210,VEHICLE,6,14,0.204684,-33.2521
286,0,117,200,0,164,211,212,VEHICLE,5,6,0.625947,212.901
287,0,117,94,0,2,213,214,VEHICLE,5,6,13.6629,101.432
288,0,117,213,2,94,215,216,VEHICLE,5,6,-11.877,298.154
289,0,117,215,0,213,217,218,VEHICLE,5,6,-14.4978,212.584
290,0,117,218,0,215,219,220,VEHICLE,0,8,0.461873,-20.9899
291,0,117,216,1,213,221,222,VEHICLE,11,0,-0.274578,301.526
292,0,117,221,0,216,223,224,VEHICLE,6,14,-0.734656,161.636
293,0,142,0,0,0,1,2,IRIS,1,2,1.02887,-0.00176227
294,0,142,2,0,0,3,4,IRIS,2,3,-0.53645,4.23009
295,0,142,4,0,2,5,6,IRIS,1,2,0.949655,1.82591
296,0,142,0,0,0,0,0,END,0,0,0,0
297,0,143,1,2,0,3,4,VEHICLE,8,13,-0.539249,88.9048
298,0,143,3,2,1,5,6,VEHICLE,5,7,-4.78863,69.9369
299,0,143,5,0,3,7,8,VEHICLE,11,17,-0.0784565,232.069
300,0,143,8,0,5,9,10,VEHICLE,0,9,-1.79673,326.699
301,0,143,9,0,8,11,12,VEHICLE,0,9,-1.37144,279.138
302,0,143,6,1,3,13,14,VEHICLE,5,8,118.978,-1222.23
303,0,143,13,1,6,15,16,VEHICLE,5,0,-7.17766,190.588
304,0,143,15,1,13,17,18,VEHICLE,5,8,237.158,-2690.78
305,0,143,18,1,15,19,20,VEHICLE,7,1,2.26199,-18.8109
306,0,143,19,0,18,21,22,VEHICLE,13,9,-0.661473,200.491
307,0,143,14,0,6,23,24,VEHICLE,8,10,-1232.09,30246.8
308,0,143,23,0,14,25,26,VEHICLE,8,10,-492.461,11809.6
309,0,143,25,0,23,27,28,VEHICLE,8,10,1241.53,-27755.1
310,0,143,2,0,0,29,30,VEHICLE,17,8,-0.00167455,18.8136
311,0,143,29,0,2,31,32,VEHICLE,9,10,2.28744,-158.2
312,0,143,32,1,29,33,34,VEHICLE,12,16,0.282225,151.004
313,0,143,30,1,2,35,36,VEHICLE,17,13,0.92965,-100.389
314,0,143,35,0,30,37,38,VEHICLE,7,5,0.00250437,7.4857
315,0,143,37,2,35,39,40,VEHICLE,5,8,-0.344778,21.8915
316,0,143,38,0,35,41,42,VEHICLE,7,5,-0.274046,20.9716
317,0,143,36,0,30,43,44,VEHICLE,3,7,-0.038444,51.6816
318,0,143,43,0,36,45,46,VEHICLE,8,10,18.986,-196.195
319,0,143,46,0,43,47,48,VEHICLE,9,2,1.52279,-141.3
320,0,284,0,2,0,1,2,VEHICLE,3,15,-0.20685,55.0651
321,0,284,1,2,0,3,4,VEHICLE,5,11,33.3845,142.533
322,0,284,3,0,1,5,6,VEHICLE,5,11,26.3985,132.864
323,0,284,5,0,3,7,8,VEHICLE,5,11,18.0428,166.799
324,0,284,7,0,5,9,10,VEHICLE,5,11,-9.75424,361.566
325,0,284,9,0,7,11,12,VEHICLE,17,16,-1.27108,443.069
326,0,284,11,1,9,13,14,VEHICLE,14,0,1.9893,73.4075
327,0,284,4,1,1,15,16,VEHICLE,14,7,-1.57274,44.5953
328,0,284,15,2,4,17,18,VEHICLE,14,7,0.0330241,28.9229
329,0,284,18,2,15,19,20,VEHICLE,5,11,-52.2611,830.624
330,0,284,20,2,18,21,22,VEHICLE,7,12,1.90598,154.415
331,0,284,2,1,0,23,24,VEHICLE,17,11,30.2103,-5205.77
332,0,284,23,1,2,25,26,VEHICLE,11,1,-0.0390524,69.5296
333,0,284,25,1,23,27,28,VEHICLE,11,1,0.0591532,22.7012
334,0,284,0,0,0,0,0,END,0,0,0,0
335,0,297,0,0,0,1,2,LANDSAT,29,15,0.793064,45.4293
336,0,297,1,0,0,3,4,LANDSAT,29,33,-0.851179,118.19
337,0,297,3,0,1,5,6,LANDSAT,32,22,1.955,-4.58186
338,0,298,0,1,0,1,2,LANDSAT,19,7,-0.724468,172.448
339,0,298,1,1,0,3,4,LANDSAT,8,11,-9.25612,826.006
340,0,298,3,1,1,5,6,LANDSAT,14,28,0.629133,5.34924
341,0,298,5,0,3,7,8,LANDSAT,18,29,0.732701,3.32103
342,0,298,7,1,5,9,10,LANDSAT,18,29,0.507778,-1.57936
343,0,298,10,1,7,11,12,LANDSAT,33,17,-0.236582,89.2737
344,0,298,11,1,10,13,14,LANDSAT,16,29,1.7603,-32.371
345,0,298,14,0,11,15,16,LANDSAT,25,5,0.0377614,62.3185
346,0,298,6,1,3,17,18,LANDSAT,15,17,0.0994193,57.8788
347,0,298,18,1,6,19,20,LANDSAT,26,17,-0.299477,109.438
348,0,298,20,0,18,21,22,LANDSAT,26,17,-0.441584,143.405
349,0,298,4,0,1,23,24,LANDSAT,28,15,-1.05968,161.546
350,0,298,2,0,0,25,26,LANDSAT,24,17,-0.0754326,86.0917
351,0,298,0,0,0,0,0,END,0,0,0,0
352,0,339,0,0,0,1,2,IRIS,1,3,0.195836,-0.011052
353,0,340,0,0,0,1,2,IRIS,3,2,-1.78184,4.03991
354,0,340,3,0,2,5,6,IRIS,0,3,-0.565046,5.2565
355,0,341,0,0,0,1,2,IRIS,0,2,-0.18226,3.62862
356,0,341,2,0,0,3,4,IRIS,3,0,-6.62492,17.2191
357,0,341,4,0,2,5,6,IRIS,2,3,-0.194678,2.69518
358,0,342,0,1,0,1,2,BREASTCANCER,1,6,-1.18807,7.15363
359,0,342,1,0,0,3,4,BREASTCANCER,4,1,-7.52706,46.3682
360,0,342,7,0,5,9,10,BREASTCANCER,5,1,0.326378,-0.531307
361,0,342,9,1,7,11,12,BREASTCANCER,6,3,-0.0975925,2.60685
362,0,342,6,0,3,13,14,BREASTCANCER,6,3,129.237,-319.234
363,0,345,1,1,0,3,4,LANDSAT,13,12,14.2365,-842.409
364,0,345,3,1,1,5,6,LANDSAT,23,14,-72.2058,5014.7
365,0,345,5,0,3,7,8,LANDSAT,14,18,-0.195946,107.307
366,0,345,7,0,5,9,10,LANDSAT,32,15,4.99658,-223.448
367,0,345,9,0,7,11,12,LANDSAT,16,17,-0.923207,148.129
368,0,468,0,2,0,1,2,IRIS,2,0,-1.14313,8.52716
369,0,468,2,1,0,3,4,IRIS,3,2,-0.404521,5.55922
370,0,468,3,0,2,5,6,IRIS,3,1,3.11406,-2.59425
371,0,469,0,0,0,1,2,BREASTCANCER,4,5,-0.944081,7.42384
372,0,469,1,0,0,3,4,BREASTCANCER,0,8,-0.48663,2.77348
373,0,469,3,0,1,5,6,BREASTCANCER,8,1,-2.86054,7.30583
374,0,469,5,0,3,7,8,BREASTCANCER,8,1,-1.70462,3.98797
375,0,469,8,0,5,9,10,BREASTCANCER,8,1,0.0494094,3.60285
390,1,599,0,2,0,1,2,IRIS,2,0,-3.74479,14.9508
391,1,599,2,1,0,3,4,IRIS,0,2,0,4.72685
392,1,599,4,0,2,5,6,IRIS,2,0,1.34933,0.21813
393,1,599,0,0,0,0,0,END,0,0,0,0
394,1,719,0,1,0,1,2,IRIS,0,3,-0.0788519,1.17945
395,1,719,2,1,0,3,4,IRIS,2,3,-0.835543,5.62764
396,1,719,4,0,2,5,6,IRIS,2,3,-0.891292,6.19678
397,1,719,5,0,4,7,8,IRIS,2,3,-1.19296,7.65911
398,1,720,0,0,0,1,2,BREASTCANCER,0,2,-0.840649,10.9154
399,1,720,1,0,0,3,4,BREASTCANCER,3,1,-1.13636,7.21191
400,1,720,3,0,1,5,6,BREASTCANCER,7,6,-0.70142,4.54402
401,1,720,5,0,3,7,8,BREASTCANCER,5,2,-0.507041,7.15612
402,1,836,0,0,0,1,2,IRIS,2,3,-0.408056,2.11813
403,1,836,2,0,0,3,4,IRIS,2,3,-0.208959,2.62441
404,1,836,3,0,2,5,6,IRIS,3,2,-1.93678,7.95405
405,1,836,4,0,2,7,8,IRIS,3,1,3.37865,-2.91431
406,1,836,0,0,0,0,0,END,0,0,0,0
407,1,857,0,2,0,1,2,IRIS,1,0,0.978448,2.31022
408,1,857,2,1,0,3,4,IRIS,3,0,-3.11168,11.3698
409,1,857,3,0,2,5,6,IRIS,1,2,0.0943628,4.7297
410,1,857,0,0,0,0,0,END,0,0,0,0
411,1,858,0,1,0,1,2,IRIS,2,3,-0.426408,1.82048
412,1,858,2,1,0,3,4,IRIS,2,3,-0.578777,4.37567
413,1,858,0,0,0,0,0,END,0,0,0,0
414,1,1076,0,0,0,1,2,PIMA-INDIANS-DIABETES,3,2,-10.0261,158.294
415,1,1660,0,0,0,0,0,END,0,0,0,0
416,1,1687,0,3,0,1,2,VEHICLE,2,13,-0.244412,91.5
417,1,1687,1,0,0,3,4,VEHICLE,6,9,0.564264,53.7417
418,1,1687,3,0,1,5,6,VEHICLE,3,0,0.874774,-51.4698
419,1,1705,0,1,0,1,2,IRIS,0,2,-0.376803,4.56094
420,1,1705,2,1,0,3,4,IRIS,3,2,-1.26215,6.67328
421,1,1705,0,0,0,0,0,END,0,0,0,0
422,1,1707,0,2,0,1,2,LANDSAT,25,14,1.22419,38.7653
423,1,1707,1,1,0,3,4,LANDSAT,33,31,0.744,13.867
424,1,1707,3,0,1,5,6,LANDSAT,33,31,-0.428647,114.264
425,1,1707,5,0,3,7,8,LANDSAT,33,31,-2.6396,217.272
426,1,1707,8,0,5,9,10,LANDSAT,7,6,-0.517308,123.619
427,1,1707,9,0,8,11,12,LANDSAT,4,11,1.13548,-9.94961
428,1,1707,10,1,8,13,14,LANDSAT,3,1,1.28678,-27.883
429,1,1707,13,1,10,15,16,LANDSAT,2,27,0.000809588,59.5456
430,1,1707,15,0,13,17,18,LANDSAT,10,17,0.846981,-14.6103
431,1,1707,16,0,13,19,20,LANDSAT,3,1,0.398173,3.93612
432,1,1707,14,1,10,21,22,LANDSAT,17,12,-1.38441,193.792
433,1,1707,21,0,14,23,24,LANDSAT,17,12,1.47788,-52.7037
434,1,1707,23,0,21,25,26,LANDSAT,35,18,-1.05016,170.176
435,1,1707,25,0,23,27,28,LANDSAT,13,24,1.70968,-73.1205
436,1,1707,28,0,25,29,30,LANDSAT,20,4,-0.593017,118.702
437,1,1707,22,0,14,31,32,LANDSAT,16,8,-0.490856,117.84
438,1,1707,31,0,22,33,34,LANDSAT,22,21,-2.07227,267.441
439,1,1707,6,1,3,35,36,LANDSAT,31,8,0.276195,52.9379
440,1,1707,35,0,6,37,38,LANDSAT,26,11,-0.34782,114.586
441,1,1707,38,0,35,39,40,LANDSAT,7,19,-2.44092,295.586
442,1,1707,36,0,6,41,42,LANDSAT,14,17,-0.588259,151.229
443,1,1707,4,0,1,43,44,LANDSAT,8,20,-0.148623,90.9006
444,1,1707,43,0,4,45,46,LANDSAT,15,7,0.785779,34.8167
445,1,1707,45,0,43,47,48,LANDSAT,16,17,1.80649,-36.7222
446,1,1707,47,0,45,49,50,LANDSAT,16,17,-2.60602,257.581
447,1,1707,49,0,47,51,52,LANDSAT,15,7,-2.08799,297.495
448,1,1707,50,0,47,53,54,LANDSAT,16,30,65.1498,-5005.28
449,1,1707,53,2,50,55,56,LANDSAT,16,30,2.23961,-74.2352
450,1,1707,55,3,53,57,58,LANDSAT,15,7,-4.95774,494.235
451,1,1707,46,0,43,59,60,LANDSAT,4,16,-2.42201,176.964
452,1,1707,0,0,0,0,0,END,0,0,0,0
453,1,1746,0,1,0,1,2,IRIS,3,2,-2.05538,4.4023
454,1,1746,2,0,0,3,4,IRIS,3,2,-0.385477,5.5738
455,1,1747,0,0,0,1,2,BREASTCANCER,2,6,-0.874715,6.28829
456,1,1747,1,0,0,3,4,BREASTCANCER,6,4,0.127746,5.07647
457,1,1747,3,0,1,5,6,BREASTCANCER,5,7,5.70231,-31.6483
458,1,1747,5,0,3,7,8,BREASTCANCER,6,4,-0.0164076,2.64852
459,1,1747,4,1,1,9,10,BREASTCANCER,2,6,0.708778,2.1479
460,1,1747,12,0,2,13,14,BREASTCANCER,5,1,-1.07577,4.43414
461,1,1747,0,0,0,0,0,END,0,0,0,0
462,1,1748,0,0,0,1,2,PIMA-INDIANS-DIABETES,4,1,0.00388688,140.044
463,1,1748,2,0,0,3,4,PIMA-INDIANS-DIABETES,5,1,-3.2904,257.74
464,1,1748,0,0,0,0,0,END,0,0,0,0
465,1,1750,0,1,0,1,2,LANDSAT,30,27,0.156773,84.1104
466,1,1852,0,1,0,1,2,PIMA-INDIANS-DIABETES,5,7,-1.60797,84.3175
467,1,1852,1,0,0,3,4,PIMA-INDIANS-DIABETES,0,1,-3.44423,152.594
468,1,1852,3,0,1,5,6,PIMA-INDIANS-DIABETES,3,1,-3.22935,179.968
469,1,1852,5,0,3,7,8,PIMA-INDIANS-DIABETES,1,4,1.84125,-192.201
470,1,1852,7,1,5,9,10,PIMA-INDIANS-DIABETES,1,4,0.158435,-18.7997
471,1,1852,9,1,7,11,12,PIMA-INDIANS-DIABETES,4,5,0.00213369,28.0145
472,1,1852,12,0,9,13,14,PIMA-INDIANS-DIABETES,7,4,2.29018,-56.6649
473,1,1852,10,1,7,15,16,PIMA-INDIANS-DIABETES,7,0,-8.75905,258.646
474,1,1852,16,1,10,17,18,PIMA-INDIANS-DIABETES,5,6,-0.23864,7.32335
475,1,1852,17,0,16,19,20,PIMA-INDIANS-DIABETES,5,6,-0.0885812,1.18995
476,1,1852,6,0,3,21,22,PIMA-INDIANS-DIABETES,0,6,-0.0233824,0.57028
477,1,1852,22,0,6,23,24,PIMA-INDIANS-DIABETES,4,7,0.0114525,22.7731
478,1,1852,24,1,22,25,26,PIMA-INDIANS-DIABETES,0,3,14.3684,-40.2016
479,1,1852,25,0,24,27,28,PIMA-INDIANS-DIABETES,0,3,-1.75939,47.039
480,1,1852,27,0,25,29,30,PIMA-INDIANS-DIABETES,2,5,-15.7115,961.816
481,1,1852,26,0,24,31,32,PIMA-INDIANS-DIABETES,2,1,-0.600924,140.284
482,1,1852,4,0,1,33,34,PIMA-INDIANS-DIABETES,5,1,-2.59107,238.972
483,1,1852,33,0,4,35,36,PIMA-INDIANS-DIABETES,2,4,0.476208,51.5028
484,1,1852,2,1,0,37,38,PIMA-INDIANS-DIABETES,1,5,-0.484295,105.09
485,1,1852,37,1,2,39,40,PIMA-INDIANS-DIABETES,4,1,-0.0878264,133.782
486,1,1852,39,1,37,41,42,PIMA-INDIANS-DIABETES,7,1,-2.16512,185.664
487,1,1852,41,0,39,43,44,PIMA-INDIANS-DIABETES,4,1,-0.190062,32.6605
488,1,1852,42,1,39,45,46,PIMA-INDIANS-DIABETES,7,2,-9.33455,557.978
489,1,1852,45,0,42,47,48,PIMA-INDIANS-DIABETES,7,6,-0.00903736,0.848193
490,1,1852,40,1,37,49,50,PIMA-INDIANS-DIABETES,3,2,-1.40179,119.88
491,1,1852,49,1,40,51,52,PIMA-INDIANS-DIABETES,3,2,1.50575,51.6584
492,1,1852,38,0,2,53,54,PIMA-INDIANS-DIABETES,5,0,-0.239033,13.3739
493,1,1852,0,0,0,0,0,END,0,0,0,0
494,1,1898,0,1,0,1,2,BREASTCANCER,3,7,-0.629914,5.47785
495,1,1898,1,0,0,3,4,BREASTCANCER,3,8,1.07056,1.71667
496,1,1898,3,0,1,5,6,BREASTCANCER,5,6,-1.67567,18.105
497,1,1898,4,0,1,7,8,BREASTCANCER,8,4,1.25724,-4.51302
498,1,1898,0,0,0,0,0,END,0,0,0,0
499,1,1900,0,1,0,1,2,IRIS,3,2,-1.23988,3.49069
500,1,1900,2,1,0,3,4,IRIS,0,2,0.0409179,4.52837
501,1,1900,4,0,2,5,6,IRIS,2,3,-0.543836,4.44727
502,1,1900,5,0,4,7,8,IRIS,3,2,9.06138,-9.78094
503,1,1900,0,0,0,0,0,END,0,0,0,0
504,1,1901,0,0,0,1,2,PIMA-INDIANS-DIABETES,1,0,-0.182047,31.1459
505,1,1901,1,0,0,3,4,PIMA-INDIANS-DIABETES,2,3,-0.337582,47.8601
506,1,1901,3,0,1,5,6,PIMA-INDIANS-DIABETES,0,7,0.844073,28.5732
507,1,1901,5,0,3,7,8,PIMA-INDIANS-DIABETES,4,7,-0.00541747,29.9669
508,1,1901,4,0,1,9,10,PIMA-INDIANS-DIABETES,7,2,-8.73795,373.36
509,1,1901,9,0,4,11,12,PIMA-INDIANS-DIABETES,7,0,-0.966014,26.6503
510,1,1901,11,0,9,13,14,PIMA-INDIANS-DIABETES,7,0,0.0247767,-0.201508
511,1,1901,13,1,11,15,16,PIMA-INDIANS-DIABETES,4,1,0.0880883,97.8496
512,1,1901,16,0,13,17,18,PIMA-INDIANS-DIABETES,4,6,0.00382132,-0.229854
513,1,1901,12,0,9,19,20,PIMA-INDIANS-DIABETES,6,7,-6.35145,33.8018
514,1,1901,10,0,4,21,22,PIMA-INDIANS-DIABETES,6,4,10784.8,-5675.83
515,1,1901,2,0,0,23,24,PIMA-INDIANS-DIABETES,3,2,-52.765,721.974
516,1,1901,0,0,0,0,0,END,0,0,0,0
517,1,1903,0,2,0,1,2,IRIS,2,3,-0.339692,1.66569
518,1,1903,2,1,0,3,4,IRIS,0,3,-0.124633,2.4367
519,1,1903,3,0,2,5,6,IRIS,2,3,21.0986,-102.187
520,1,1903,4,1,2,7,8,IRIS,1,3,0,1.74508
521,1,1903,8,1,4,9,10,IRIS,1,2,0.886031,2.10014
522,1,1903,0,0,0,0,0,END,0,0,0,0
523,1,1904,0,1,0,1,2,BREASTCANCER,5,8,-1.98594,12.2844
524,1,1904,1,0,0,3,4,BREASTCANCER,1,3,-1.0964,9.05671
525,1,1904,3,0,1,5,6,BREASTCANCER,6,7,-0.226293,10.2841
526,1,1904,4,0,1,7,8,BREASTCANCER,2,0,-1.74756,8.76747
527,1,1904,2,0,0,9,10,BREASTCANCER,0,1,-169.213,950.224
528,1,1904,10,0,2,11,12,BREASTCANCER,6,0,-0.255051,7.16288
529,1,1904,0,0,0,0,0,END,0,0,0,0
530,1,1905,0,0,0,1,2,PIMA-INDIANS-DIABETES,1,2,1.51959,-161.882
531,1,1905,1,0,0,3,4,PIMA-INDIANS-DIABETES,1,5,-0.821086,170.409
532,1,1905,3,0,1,5,6,PIMA-INDIANS-DIABETES,7,6,1.3745,-71.2336
533,1,1905,6,0,3,7,8,PIMA-INDIANS-DIABETES,3,0,84.1335,-563.787
534,1,1905,7,1,6,9,10,PIMA-INDIANS-DIABETES,0,7,-0.650908,32.6733
535,1,1905,9,0,7,11,12,PIMA-INDIANS-DIABETES,0,3,-15.6978,50.969
536,1,1905,12,0,9,13,14,PIMA-INDIANS-DIABETES,0,3,6.29179,-3.22964
537,1,1905,14,0,12,15,16,PIMA-INDIANS-DIABETES,0,3,0.0432517,29.9195
538,1,1905,8,0,6,17,18,PIMA-INDIANS-DIABETES,6,7,41.2187,25.2146
539,1,1905,17,0,8,19,20,PIMA-INDIANS-DIABETES,6,7,-14.6824,30.2197
540,1,1905,19,1,17,21,22,PIMA-INDIANS-DIABETES,1,5,0.0144552,26.7519
541,1,1905,4,0,1,23,24,PIMA-INDIANS-DIABETES,1,2,14.8944,-2767.63
542,1,1905,23,0,4,25,26,PIMA-INDIANS-DIABETES,1,5,-167.978,32741.9
543,1,1905,26,0,23,27,28,PIMA-INDIANS-DIABETES,6,7,-4732.18,8554.23
544,1,1905,24,0,4,29,30,PIMA-INDIANS-DIABETES,0,7,3.47571,19.9676
545,1,1905,30,0,24,31,32,PIMA-INDIANS-DIABETES,7,6,-0.0275283,2.57342
546,1,1905,31,0,30,33,34,PIMA-INDIANS-DIABETES,1,5,0.293624,-24.0798
547,1,1905,32,1,30,35,36,PIMA-INDIANS-DIABETES,1,5,-1.1878,264.75
548,1,1905,2,0,0,37,38,PIMA-INDIANS-DIABETES,6,7,-298.85,201.546
549,1,1905,37,0,2,39,40,PIMA-INDIANS-DIABETES,1,5,-0.704604,111.593
550,1,1905,39,0,37,41,42,PIMA-INDIANS-DIABETES,3,7,-0.503085,48.9466
551,1,1905,41,0,39,43,44,PIMA-INDIANS-DIABETES,7,6,-2.23643,55.2884
552,1,1905,44,0,41,45,46,PIMA-INDIANS-DIABETES,1,5,-3.39742,343.689
553,1,1905,46,1,44,47,48,PIMA-INDIANS-DIABETES,0,7,-0.911194,33.1956
554,1,1905,48,1,46,49,50,PIMA-INDIANS-DIABETES,3,7,-28.4957,168.547
555,1,1905,49,1,48,51,52,PIMA-INDIANS-DIABETES,7,6,-0.000870389,0.452223
556,1,1905,51,1,49,53,54,PIMA-INDIANS-DIABETES,7,6,0.00727417,-0.079583
557,1,1905,42,0,39,55,56,PIMA-INDIANS-DIABETES,0,7,-1.95932,53.8137
558,1,1905,55,0,42,57,58,PIMA-INDIANS-DIABETES,4,7,-1.77784,229.277
559,1,1905,57,0,55,59,60,PIMA-INDIANS-DIABETES,5,1,0,40.0328
560,1,1905,56,1,42,61,62,PIMA-INDIANS-DIABETES,0,7,0,54.0327
561,1,1905,61,1,56,63,64,PIMA-INDIANS-DIABETES,7,6,1.06259,-52.4807
562,1,1905,65,0,64,67,68,PIMA-INDIANS-DIABETES,0,7,1.652,27.0898
563,1,1905,40,0,37,69,70,PIMA-INDIANS-DIABETES,7,6,0.277062,-9.3155
564,1,1905,69,1,40,71,72,PIMA-INDIANS-DIABETES,7,6,0.0345768,-1.67021
565,1,1905,71,1,69,73,74,PIMA-INDIANS-DIABETES,5,1,0,143.77
566,1,1905,72,1,69,75,76,PIMA-INDIANS-DIABETES,0,7,-0.167024,43.4607
567,1,1905,75,0,72,77,78,PIMA-INDIANS-DIABETES,1,2,1.45307,-135.205
568,1,1905,78,0,75,79,80,PIMA-INDIANS-DIABETES,0,2,-0.781424,74.1515
569,1,1905,76,0,72,81,82,PIMA-INDIANS-DIABETES,7,5,-169.463,8323.42
570,1,1905,81,0,76,83,84,PIMA-INDIANS-DIABETES,5,4,48.9404,-2202.92
571,1,1905,82,0,76,85,86,PIMA-INDIANS-DIABETES,2,1,1.38297,14.2032
572,1,1905,70,0,40,87,88,PIMA-INDIANS-DIABETES,6,1,-48.633,150.822
573,1,1905,87,0,70,89,90,PIMA-INDIANS-DIABETES,0,1,4.11272,97.3629
574,1,1905,90,0,87,91,92,PIMA-INDIANS-DIABETES,5,6,0.37247,-20.1115
575,1,1905,92,0,90,93,94,PIMA-INDIANS-DIABETES,2,0,8.99995,-632.082
576,1,1905,94,0,92,95,96,PIMA-INDIANS-DIABETES,6,0,17.8167,-3.78593
577,1,1905,96,0,94,97,98,PIMA-INDIANS-DIABETES,7,5,-1.03926,53.5539
578,1,1905,98,0,96,99,100,PIMA-INDIANS-DIABETES,5,4,-3.57268,186.001
579,1,1905,99,0,98,101,102,PIMA-INDIANS-DIABETES,1,3,1.9516,-225.346
580,1,1905,100,0,98,103,104,PIMA-INDIANS-DIABETES,5,4,1.47648,105.294
581,1,1905,88,1,70,105,106,PIMA-INDIANS-DIABETES,7,2,5.24403,-43.5134
582,1,1905,105,0,88,107,108,PIMA-INDIANS-DIABETES,4,6,-0.0186909,5.40698
583,1,1905,107,0,105,109,110,PIMA-INDIANS-DIABETES,0,3,8.73418,-30.9699
584,1,1905,108,0,105,111,112,PIMA-INDIANS-DIABETES,7,6,0.00559289,0.195146
585,1,1905,38,1,2,113,114,PIMA-INDIANS-DIABETES,3,7,-0.394417,38.7912
586,1,1905,113,0,38,115,116,PIMA-INDIANS-DIABETES,0,3,3.796,-5.42685
587,1,1905,115,0,113,117,118,PIMA-INDIANS-DIABETES,0,2,-2.2558,78.2992
588,1,1905,118,0,115,119,120,PIMA-INDIANS-DIABETES,0,6,0.0734125,0.31361
589,1,1905,116,0,113,121,122,PIMA-INDIANS-DIABETES,3,1,-0.57321,126.974
590,1,1905,121,0,116,123,124,PIMA-INDIANS-DIABETES,5,0,1.0097,-35.8446
591,1,1905,122,0,116,125,126,PIMA-INDIANS-DIABETES,2,0,0.0115786,-0.531251
592,1,1905,114,0,38,127,128,PIMA-INDIANS-DIABETES,2,3,-17.7904,1364.34
593,1,1905,127,0,114,129,130,PIMA-INDIANS-DIABETES,5,7,1.07114,17.2517
594,1,1905,129,1,127,131,132,PIMA-INDIANS-DIABETES,0,4,-17.3435,170.304
595,1,1905,131,0,129,133,134,PIMA-INDIANS-DIABETES,0,7,8.29636,-1.86234
596,1,1905,132,0,129,135,136,PIMA-INDIANS-DIABETES,3,1,-0.135289,122.602
597,1,1905,135,0,132,137,138,PIMA-INDIANS-DIABETES,4,3,0.0914735,5.03805
598,1,1905,136,0,132,139,140,PIMA-INDIANS-DIABETES,2,3,-0.575719,72.8369
599,1,1905,128,0,114,141,142,PIMA-INDIANS-DIABETES,6,0,-2.33885,3.02025
600,1,1905,142,0,128,143,144,PIMA-INDIANS-DIABETES,6,5,2.79919,33.5823
601,1,1905,144,0,142,145,146,PIMA-INDIANS-DIABETES,6,5,-5.39324,39.6185
602,1,1905,0,0,0,0,0,END,0,0,0,0
603,1,1906,0,0,0,1,2,VEHICLE,1,2,-2.50586,212.883
604,1,1906,1,1,0,3,4,VEHICLE,10,5,1.73241,-308.533
605,1,1906,3,2,1,5,6,VEHICLE,7,15,700.29,-31512.1
606,1,1906,6,2,3,7,8,VEHICLE,9,5,-0.0107767,9.15445
607,1,1906,7,0,6,9,10,VEHICLE,7,10,-140.732,5365.17
608,1,1906,10,0,7,11,12,VEHICLE,4,8,0.190495,7.68206
609,1,1906,12,0,10,13,14,VEHICLE,8,9,-859.613,17894.8
610,1,1906,14,0,12,15,16,VEHICLE,16,11,3.67667,-241.419
611,1,1906,15,0,14,17,18,VEHICLE,16,11,-0.756527,603.758
612,1,1906,16,1,14,19,20,VEHICLE,6,12,43.8291,-7542.7
613,1,1906,8,1,6,21,22,VEHICLE,6,11,-4.53583,1262.06
614,1,1906,21,0,8,23,24,VEHICLE,10,8,-0.00121989,20.7863
615,1,1906,23,1,21,25,26,VEHICLE,8,14,-0.424517,16.5381
616,1,1906,25,0,23,27,28,VEHICLE,8,14,-0.644091,15.4437
617,1,1906,26,0,23,29,30,VEHICLE,8,14,-1.3234,40.9837
618,1,1906,24,0,21,31,32,VEHICLE,15,8,2.57526,-29.3513
619,1,1906,32,0,24,33,34,VEHICLE,12,4,0.0388044,51.8491
620,1,1906,22,1,8,35,36,VEHICLE,5,8,2.08409,1.53952
621,1,1906,35,0,22,37,38,VEHICLE,12,17,-0.100515,219.987
622,1,1906,36,0,22,39,40,VEHICLE,17,0,-21.3919,4322.18
623,1,1906,40,0,36,41,42,VEHICLE,17,0,-1.62642,428.719
624,1,1906,4,0,1,43,44,VEHICLE,10,8,-0.00229154,17.8255
625,1,1906,43,0,4,45,46,VEHICLE,10,8,-1.92809,289.149
626,1,1906,45,1,43,47,48,VEHICLE,1,6,0.190831,113.953
627,1,1906,47,1,45,49,50,VEHICLE,1,6,-2.01508,187.925
628,1,1906,49,0,47,51,52,VEHICLE,12,0,-7.56019,1028.93
629,1,1906,50,0,47,53,54,VEHICLE,6,10,1.05568,11.7519
630,1,1906,48,0,45,55,56,VEHICLE,17,0,0.258417,37.4822
631,1,1906,44,0,4,57,58,VEHICLE,8,1,-10.8712,259.448
632,1,1906,57,1,44,59,60,VEHICLE,7,8,-0.00478792,18.6988
633,1,1906,59,0,57,61,62,VEHICLE,7,8,5.61321,-276.168
634,1,1906,61,0,59,63,64,VEHICLE,2,10,-0.295611,162.929
635,1,1906,62,0,59,65,66,VEHICLE,7,8,1.56187,-56.2446
636,1,1906,65,0,62,67,68,VEHICLE,5,1,75.2457,-458.194
637,1,1906,67,0,65,69,70,VEHICLE,8,1,-0.202668,38.3455
638,1,1906,70,0,67,71,72,VEHICLE,14,9,-0.00274759,135.271
639,1,1906,71,0,70,73,74,VEHICLE,10,14,-0.0135771,7.35901
640,1,1906,73,0,71,75,76,VEHICLE,10,14,0.462212,-70.9757
641,1,1906,75,1,73,77,78,VEHICLE,14,9,0.248635,130.611
642,1,1906,76,1,73,79,80,VEHICLE,4,13,5.07305,-236.286
643,1,1906,74,1,71,81,82,VEHICLE,14,9,38.7399,-402.625
644,1,1906,72,0,70,83,84,VEHICLE,17,0,-0.342239,151.823
645,1,1906,83,0,72,85,86,VEHICLE,0,11,-4.34887,627.503
646,1,1906,68,0,65,87,88,VEHICLE,17,0,0.400692,13.3096
647,1,1906,87,0,68,89,90,VEHICLE,5,14,664.682,-3071.14
648,1,1906,89,0,87,91,92,VEHICLE,5,14,-1199.25,6889.78
649,1,1906,92,0,89,93,94,VEHICLE,5,14,-1.17385,18.593
650,1,1906,93,2,92,95,96,VEHICLE,7,4,-2.34908,180.759
651,1,1906,95,1,93,97,98,VEHICLE,4,13,-0.104596,83.2127
652,1,1906,97,0,95,99,100,VEHICLE,2,10,1.37582,57.2111
653,1,1906,94,0,92,101,102,VEHICLE,16,17,-0.4719,303.898
654,1,1906,66,0,62,103,104,VEHICLE,11,1,-0.160146,87.7577
655,1,1906,104,1,66,105,106,VEHICLE,11,1,0.719341,-176.737
656,1,1906,105,0,104,107,108,VEHICLE,2,10,0.4797,130.628
657,1,1906,106,0,104,109,110,VEHICLE,16,17,-1.75088,561.378
658,1,1906,60,0,57,111,112,VEHICLE,11,8,0,19.4379
659,1,1906,111,0,60,113,114,VEHICLE,9,8,0.492996,-53.6697
660,1,1906,113,0,111,115,116,VEHICLE,4,5,-0.35151,28.7653
661,1,1906,115,0,113,117,118,VEHICLE,12,0,0.341026,24.5923
662,1,1906,114,0,111,119,120,VEHICLE,16,13,1.3596,-192.503
663,1,1906,119,0,114,121,122,VEHICLE,2,14,748.789,-60023.5
664,1,1906,121,0,119,123,124,VEHICLE,2,14,-0.347591,30.2728
665,1,1906,122,0,119,125,126,VEHICLE,7,4,-1.32711,122.449
666,1,1906,125,0,122,127,128,VEHICLE,1,10,-1.84773,247.446
667,1,1906,127,1,125,129,130,VEHICLE,13,6,-2.64301,322.041
668,1,1906,120,0,114,131,132,VEHICLE,8,13,-1.18234,99.9488
669,1,1906,131,0,120,133,134,VEHICLE,5,8,-0.419067,22.1496
670,1,1906,133,1,131,135,136,VEHICLE,5,8,7.45347,-21.653
671,1,1906,134,0,131,137,138,VEHICLE,5,8,-2.43081,52.4603
672,1,1906,137,0,134,139,140,VEHICLE,13,9,2.35396,-26.4694
673,1,1906,139,0,137,141,142,VEHICLE,1,3,-14.6889,740.857
674,1,1906,141,0,139,143,144,VEHICLE,5,13,-8.20847,145.455
675,1,1906,143,0,141,145,146,VEHICLE,1,3,-35.2349,1476.07
676,1,1906,140,0,137,147,148,VEHICLE,1,4,1.84797,-19.6427
677,1,1906,132,0,120,149,150,VEHICLE,5,13,19.9243,-29.6773
678,1,1906,149,0,132,151,152,VEHICLE,1,4,-34.5058,1459.35
679,1,1906,150,0,132,153,154,VEHICLE,5,9,22.1684,27.4745
680,1,1906,154,0,150,155,156,VEHICLE,5,3,-27.2534,257.777
681,1,1906,112,0,60,157,158,VEHICLE,17,11,-1.26286,637.484
682,1,1906,158,1,112,159,160,VEHICLE,5,7,-0.886891,46.3311
683,1,1906,58,0,44,161,162,VEHICLE,10,3,-4.37316,951.027
684,1,1906,162,0,58,163,164,VEHICLE,10,3,7.02277,-1093.9
685,1,1906,164,0,162,165,166,VEHICLE,5,7,0.0593997,39.8797
686,1,1906,2,0,0,167,168,VEHICLE,5,7,-1.62948,43.5698
687,1,1906,168,0,2,169,170,VEHICLE,8,10,-175.811,4163.61
688,1,1906,169,0,168,171,172,VEHICLE,8,10,1062.25,-22479.3
689,1,1906,171,1,169,173,174,VEHICLE,8,10,0.373634,204.501
690,1,1906,173,1,171,175,176,VEHICLE,8,14,0.111569,3.06147
691,1,1906,175,0,173,177,178,VEHICLE,0,8,2.28839,-197.451
692,1,1906,176,0,173,179,180,VEHICLE,5,8,25.8869,-222.935
693,1,1906,179,0,176,181,182,VEHICLE,6,5,8.91956,-1650.46
694,1,1906,182,0,179,183,184,VEHICLE,12,17,0.449402,121.413
695,1,1906,180,1,176,185,186,VEHICLE,8,3,-5.46123,312.289
696,1,1906,174,1,171,187,188,VEHICLE,2,13,-0.48383,120.43
697,1,1906,172,0,169,189,190,VEHICLE,1,10,-350.673,17541.7
698,1,1906,170,0,168,191,192,VEHICLE,1,3,-0.217988,203.461
699,1,1906,191,0,170,193,194,VEHICLE,5,13,1.1918,57.5791
700,1,1906,194,0,191,195,196,VEHICLE,8,9,25.9121,-464.484
701,1,1906,196,0,194,197,198,VEHICLE,8,9,0.195536,167.763
702,1,1906,197,0,196,199,200,VEHICLE,16,11,13.269,-1801.31
703,1,1906,192,1,170,201,202,VEHICLE,5,8,-0.381443,28.9529
704,1,1906,201,0,192,203,204,VEHICLE,5,8,0.676409,15.1952
705,1,1906,204,0,201,205,206,VEHICLE,5,8,-0.993916,32.4071
706,1,1906,205,0,204,207,208,VEHICLE,12,17,-0.0836669,216.179
707,1,1906,206,0,204,209,210,VEHICLE,5,9,9.28062,60.329
708,1,1906,209,0,206,211,212,VEHICLE,8,9,-5.83962,282.325
709,1,1906,210,1,206,213,214,VEHICLE,5,8,1.55311,6.34154
710,1,1906,213,0,210,215,216,VEHICLE,2,7,-0.414835,76.1514
711,1,1906,218,0,214,219,220,VEHICLE,5,14,-7.25919,81.4513
712,1,1906,219,0,218,221,222,VEHICLE,0,16,-0.0311949,189.355
713,1,1906,220,0,218,223,224,VEHICLE,5,1,1.32026,39.9227
714,1,1906,202,1,192,225,226,VEHICLE,5,1,-2.28951,81.9999
715,1,1906,225,0,202,227,228,VEHICLE,13,8,1.17142,-61.2667
716,1,1906,228,0,225,229,230,VEHICLE,12,3,0.383754,121.153
717,1,1906,226,0,202,231,232,VEHICLE,6,14,1.65391,-362.045
718,1,1906,231,0,226,233,234,VEHICLE,6,14,0.398457,-88.4838
719,1,1906,234,0,231,235,236,VEHICLE,16,17,-2.56198,675.339
720,1,1906,0,0,0,0,0,END,0,0,0,0
721,1,1907,0,0,0,1,2,LANDSAT,5,3,2.29442,-31.1924
722,1,1907,1,0,0,3,4,LANDSAT,20,17,1.54408,-19.4925
723,1,1907,3,1,1,5,6,LANDSAT,26,16,-0.328278,112.007
724,1,1907,5,0,3,7,8,LANDSAT,11,20,-0.0118495,62.9507
725,1,1907,7,0,5,9,10,LANDSAT,10,28,0.259984,28.9408
726,1,1907,9,0,7,11,12,LANDSAT,12,32,-1.33128,116.562
727,1,1907,12,1,9,13,14,LANDSAT,17,35,0.0405862,90.0109
728,1,1907,14,0,12,15,16,LANDSAT,12,32,46.8659,-2526.65
729,1,1907,10,0,7,17,18,LANDSAT,13,15,-0.163428,81.1148
730,1,1907,17,0,10,19,20,LANDSAT,21,33,-1.43576,151.075
731,1,1907,19,0,17,21,22,LANDSAT,21,33,-1.51821,149.137
732,1,1907,20,0,17,23,24,LANDSAT,13,15,0.161508,50.7012
733,1,1907,24,0,20,25,26,LANDSAT,35,34,-0.526984,119.56
734,1,1907,25,0,24,27,28,LANDSAT,8,13,-2.82437,232.553
735,1,1907,28,0,25,29,30,LANDSAT,35,4,0.34416,40.8551
736,1,1907,18,0,10,31,32,LANDSAT,21,0,0.0459376,48.3598
737,1,1907,31,0,18,33,34,LANDSAT,23,0,1.5728,-79.3239
738,1,1907,34,0,31,35,36,LANDSAT,3,30,15.9631,-1157.83
739,1,1907,8,0,5,37,38,LANDSAT,23,9,1.39163,-19.3615
740,1,1907,37,0,8,39,40,LANDSAT,0,17,-8.46492,668.979
741,1,1907,39,0,37,41,42,LANDSAT,25,28,-0.420544,93.9111
742,1,1907,41,0,39,43,44,LANDSAT,25,2,0.582594,87.5289
743,1,1907,43,0,41,45,46,LANDSAT,26,25,4.02859,-268.023
744,1,1907,45,0,43,47,48,LANDSAT,12,25,0.210432,57.7542
745,1,1907,46,0,43,49,50,LANDSAT,12,25,1.80308,-45.5024
746,1,1907,49,0,46,51,52,LANDSAT,12,25,-1.84146,192.347
747,1,1907,51,0,49,53,54,LANDSAT,17,15,8.46862,-450.093
748,1,1907,56,0,50,57,58,LANDSAT,28,5,-0.971759,128.177
749,1,1907,42,2,39,59,60,LANDSAT,16,18,26.4357,-1725.27
750,1,1907,61,0,59,63,64,LANDSAT,8,0,-0.833443,114.228
751,1,1907,64,0,61,65,66,LANDSAT,8,0,-0.40921,93.7368
752,1,1907,65,1,64,67,68,LANDSAT,20,7,1.69937,-54.7877
753,1,1907,67,0,65,69,70,LANDSAT,8,0,0.575567,23.6038
754,1,1907,68,1,65,71,72,LANDSAT,8,0,-1.35937,155.729
755,1,1907,71,1,68,73,74,LANDSAT,15,22,1.67294,-35.5462
756,1,1907,72,0,68,77,78,LANDSAT,2,8,0.128224,57.3832
757,1,1907,66,0,64,79,80,LANDSAT,8,0,0.547473,28.9897
758,1,1907,79,0,66,81,82,LANDSAT,2,8,-2.59449,266.444
759,1,1907,80,0,66,83,84,LANDSAT,6,2,-10.4415,958.178
760,1,1907,84,0,80,85,86,LANDSAT,19,17,0.538305,37.6639
761,1,1907,62,0,59,87,88,LANDSAT,19,4,2.64351,-165.398
762,1,1907,87,0,62,89,90,LANDSAT,8,0,-2.20397,197.11
763,1,1907,60,0,42,91,92,LANDSAT,20,28,-0.101154,79.9999
764,1,1907,91,0,60,93,94,LANDSAT,15,33,-9.2747,873.487
765,1,1907,93,0,91,95,96,LANDSAT,15,33,-2.49275,275.627
766,1,1907,95,0,93,97,98,LANDSAT,6,27,4.72878,-374.672
767,1,1907,98,0,95,99,100,LANDSAT,5,27,-1.74384,195.49
768,1,1907,99,0,98,101,102,LANDSAT,5,27,6.50279,-312.355
769,1,1907,101,0,99,103,104,LANDSAT,24,10,0.111662,72.5765
770,1,1907,100,0,98,105,106,LANDSAT,5,27,1.69521,-47.9689
771,1,1907,105,0,100,107,108,LANDSAT,5,27,-0.239815,89.7679
772,1,1907,92,0,60,109,110,LANDSAT,17,0,0.298434,45.55
773,1,1907,40,0,37,111,112,LANDSAT,17,15,-0.742576,143.667
774,1,1907,111,0,40,113,114,LANDSAT,0,8,-1.37569,202.905
775,1,1907,113,0,111,115,116,LANDSAT,0,16,-12.5237,1035.53
776,1,1907,115,0,113,117,118,LANDSAT,13,24,-0.589148,119.742
777,1,1907,117,0,115,119,120,LANDSAT,13,24,0.49921,30.0305
778,1,1907,119,0,117,121,122,LANDSAT,13,24,1.27432,-38.2412
779,1,1907,122,0,119,123,124,LANDSAT,13,24,0.797617,7.04494
780,1,1907,123,0,122,125,126,LANDSAT,6,10,-1.74773,266.337
781,1,1907,125,0,123,127,128,LANDSAT,13,24,8.13744,-518.213
782,1,1907,127,0,125,129,130,LANDSAT,31,20,0.274601,45.2371
783,1,1907,120,0,117,131,132,LANDSAT,31,20,2.03422,-96.1198
784,1,1907,132,0,120,133,134,LANDSAT,8,22,-1.43753,182.685
785,1,1907,118,0,115,135,136,LANDSAT,3,10,0.686445,30.896
786,1,1907,136,0,118,137,138,LANDSAT,33,24,-0.054319,77.2669
787,1,1907,138,0,136,139,140,LANDSAT,26,6,26.6731,-2436.7
788,1,1907,139,0,138,141,142,LANDSAT,26,6,0.37713,48.8681
789,1,1907,142,1,139,143,144,LANDSAT,9,26,-0.102803,104.016
790,1,1907,116,0,113,145,146,LANDSAT,9,26,3.43646,-165.874
791,1,1907,112,0,40,147,148,LANDSAT,7,9,-0.858004,163.204
792,1,1907,147,0,112,149,150,LANDSAT,21,29,1.53854,-58.5958
793,1,1907,149,0,147,151,152,LANDSAT,26,6,-1.19384,213.067
794,1,1907,150,0,147,153,154,LANDSAT,22,12,-0.31914,109.669
795,1,1907,154,0,150,155,156,LANDSAT,22,12,0.958465,-14.5812
796,1,1907,148,0,112,157,158,LANDSAT,32,9,-1.5504,215.808
797,1,1907,38,0,8,159,160,LANDSAT,1,16,0.0274423,66.8256
798,1,1907,159,0,38,161,162,LANDSAT,32,17,2.85923,-133.123
799,1,1907,161,0,159,163,164,LANDSAT,32,17,-0.873561,131.996
800,1,1907,163,0,161,165,166,LANDSAT,15,16,-0.218393,79.1823
801,1,1907,162,0,159,167,168,LANDSAT,18,2,-0.048889,79.7781
802,1,1907,167,0,162,169,170,LANDSAT,32,17,-6.21868,401.894
803,1,1907,170,0,167,171,172,LANDSAT,0,34,48.3592,-2720.86
804,1,1907,168,0,162,173,174,LANDSAT,15,31,-0.76161,166.927
805,1,1907,173,0,168,175,176,LANDSAT,14,30,-1.35317,226.108
806,1,1907,175,0,173,177,178,LANDSAT,26,21,0.607772,50.6702
807,1,1907,177,0,175,179,180,LANDSAT,14,30,-0.395485,128.258
808,1,1907,179,0,177,181,182,LANDSAT,16,2,-0.210503,101.559
809,1,1907,181,0,179,183,184,LANDSAT,5,23,0.298375,39.2895
810,1,1907,184,0,181,185,186,LANDSAT,16,2,7.50173,-374.337
811,1,1907,185,0,184,187,188,LANDSAT,16,23,-199.925,13109.8
812,1,1907,187,0,185,189,190,LANDSAT,16,23,-1.05628,138.611
813,1,1907,191,0,188,193,194,LANDSAT,32,33,-2.47092,244.132
814,1,1907,193,0,191,195,196,LANDSAT,16,23,-0.737525,115.848
815,1,1907,195,0,193,197,198,LANDSAT,32,33,0.0363552,60.4158
816,1,1907,196,1,193,199,200,LANDSAT,32,33,-0.326703,95.6777
817,1,1907,194,0,191,201,202,LANDSAT,16,23,4.90677,-266.215
818,1,1907,201,0,194,203,204,LANDSAT,32,33,1.74283,-38.4755
819,1,1907,202,0,194,205,206,LANDSAT,16,23,4.82925,-254.015
820,1,1907,205,0,202,207,208,LANDSAT,32,33,-0.114375,83.3997
821,1,1907,206,0,202,209,210,LANDSAT,32,33,2.08631,-62.3689
822,1,1907,192,0,188,211,212,LANDSAT,16,23,-4.69784,390.887
823,1,1907,212,0,192,213,214,LANDSAT,16,23,-1.83802,201.181
824,1,1907,182,0,179,215,216,LANDSAT,32,33,-1.22261,134.163
825,1,1907,178,0,175,217,218,LANDSAT,6,27,0.724953,-20.7771
826,1,1907,160,0,38,219,220,LANDSAT,32,17,-0.0536119,86.0216
827,1,1907,219,0,160,221,222,LANDSAT,15,31,-0.590123,125.233
828,1,1907,221,0,219,223,224,LANDSAT,8,31,-1.12594,146.133
829,1,1907,223,0,221,225,226,LANDSAT,2,22,-0.22667,106.325
830,1,1907,226,1,223,227,228,LANDSAT,16,23,-3.11333,286.757
831,1,1907,224,0,221,229,230,LANDSAT,2,22,-0.549153,131.492
832,1,1907,229,0,224,231,232,LANDSAT,16,23,1.43684,-31.0983
833,1,1907,222,0,219,233,234,LANDSAT,16,23,-9.31737,735.652
834,1,1907,220,1,160,235,236,LANDSAT,9,11,-1.00747,170.726
835,1,1907,235,0,220,237,238,LANDSAT,32,26,-1.07339,184.874
836,1,1907,237,0,235,239,240,LANDSAT,18,27,-14.0165,1337.57
837,1,1907,239,1,237,241,242,LANDSAT,18,27,-1.58937,204.061
838,1,1907,244,0,241,245,246,LANDSAT,17,15,-0.146177,80.9347
839,1,1907,246,1,244,249,250,LANDSAT,17,15,-1.55608,201.523
840,1,1907,242,1,239,251,252,LANDSAT,18,27,37.2909,-3120.58
841,1,1907,251,0,242,253,254,LANDSAT,17,15,-3.65702,377.573
842,1,1907,253,0,251,255,256,LANDSAT,14,8,0.118128,61.162
843,1,1907,256,0,253,257,258,LANDSAT,32,26,-0.687795,137.872
844,1,1907,252,0,242,259,260,LANDSAT,28,5,0.470562,41.2816
845,1,1907,240,0,237,261,262,LANDSAT,28,4,-28.1861,2173.25
846,1,1907,261,0,240,263,264,LANDSAT,12,18,-0.473574,130.337
847,1,1907,263,0,261,265,266,LANDSAT,28,4,-0.208425,88.4267
848,1,1907,266,0,263,267,268,LANDSAT,12,18,-0.444679,124.663
849,1,1907,268,1,266,269,270,LANDSAT,20,35,2.97745,-158.671
850,1,1907,264,0,261,271,272,LANDSAT,26,23,-0.493011,118.229
851,1,1907,262,0,240,273,274,LANDSAT,16,7,-2.4173,269.268
852,1,1907,273,0,262,275,276,LANDSAT,16,7,0.358557,40.8528
853,1,1907,275,0,273,277,278,LANDSAT,23,15,1.22468,-16.8051
854,1,1907,276,0,273,279,280,LANDSAT,32,8,0.289972,55.1279
855,1,1907,280,0,276,281,282,LANDSAT,23,15,1.38623,-31.139
856,1,1907,281,0,280,283,284,LANDSAT,32,8,5.8984,-389.865
857,1,1907,282,0,280,285,286,LANDSAT,23,15,-1.21823,162.765
858,1,1907,286,1,282,287,288,LANDSAT,23,15,1.36152,-25.0215
859,1,1907,287,0,286,289,290,LANDSAT,16,7,1.58453,-46.8654
860,1,1907,274,0,262,291,292,LANDSAT,16,7,0.833412,13.4638
861,1,1907,238,0,235,293,294,LANDSAT,16,7,-2.28211,248.686
862,1,1907,293,0,238,295,296,LANDSAT,32,8,-383.493,27884.1
863,1,1907,236,0,220,297,298,LANDSAT,26,23,0.040464,66.756
864,1,1907,297,0,236,299,300,LANDSAT,15,12,-0.660379,140.035
865,1,1907,298,0,236,301,302,LANDSAT,26,23,0.754564,25.8646
866,1,1907,301,0,298,303,304,LANDSAT,28,4,-0.571108,122.516
867,1,1907,303,0,301,305,306,LANDSAT,4,32,-1.57274,188.135
868,1,1907,304,0,301,307,308,LANDSAT,28,4,-0.681597,132.109
869,1,1907,308,0,304,309,310,LANDSAT,26,23,-1.54416,212.335
870,1,1907,309,1,308,311,312,LANDSAT,12,18,0.764981,46.9861
871,1,1907,310,1,308,313,314,LANDSAT,20,35,-0.0837268,90.8906
872,1,1907,313,1,310,315,316,LANDSAT,20,35,2.95577,-161.684
873,1,1907,315,0,313,317,318,LANDSAT,20,35,3.31138,-200.066
874,1,1907,316,0,313,319,320,LANDSAT,26,23,-2.54075,323.659
875,1,1907,314,0,310,321,322,LANDSAT,26,23,0.227759,67.3045
876,1,1907,6,1,3,323,324,LANDSAT,35,23,-0.798888,158.737
877,1,1907,323,1,6,325,326,LANDSAT,8,11,-5.38039,598.843
878,1,1907,325,1,323,327,328,LANDSAT,16,18,-26.8774,2563.83
879,1,1907,327,1,325,329,330,LANDSAT,16,18,-1.47321,250.625
880,1,1907,329,1,327,331,332,LANDSAT,4,23,0.0259256,79.9325
881,1,1907,331,1,329,333,334,LANDSAT,4,23,-0.499001,119.846
882,1,1907,333,2,331,335,336,LANDSAT,4,23,-0.298425,92.6944
883,1,1907,335,0,333,337,338,LANDSAT,10,3,-0.402635,113.534
884,1,1907,339,0,336,341,342,LANDSAT,8,11,0.93401,7.79153
885,1,1907,341,0,339,343,344,LANDSAT,21,35,-2.67694,334.66
886,1,1907,343,0,341,345,346,LANDSAT,10,3,0.748254,14.7787
887,1,1907,345,0,343,347,348,LANDSAT,21,16,1.57794,-58.2045
888,1,1907,346,0,343,349,350,LANDSAT,4,23,0.16257,61.0129
889,1,1907,344,0,341,351,352,LANDSAT,4,23,0.0632764,71.9275
890,1,1907,342,0,339,353,354,LANDSAT,21,16,0.106239,73.6931
891,1,1907,353,0,342,355,356,LANDSAT,10,3,0.242499,49.6067
892,1,1907,340,1,336,357,358,LANDSAT,4,23,0.00303423,79.2813
893,1,1907,357,1,340,359,360,LANDSAT,16,18,0.00161195,96.5108
894,1,1907,359,1,357,361,362,LANDSAT,16,18,-1.82839,239.129
895,1,1907,362,1,359,363,364,LANDSAT,8,1,-1.78374,234.353
896,1,1907,360,1,357,365,366,LANDSAT,16,18,0.972643,21.6488
897,1,1907,365,1,360,367,368,LANDSAT,6,32,-0.410515,125.071
898,1,1907,334,0,331,369,370,LANDSAT,4,23,-0.8843,152.851
899,1,1907,369,0,334,371,372,LANDSAT,16,18,-1.6824,247.42
900,1,1907,371,0,369,373,374,LANDSAT,21,16,-0.615424,143.956
901,1,1907,373,0,371,375,376,LANDSAT,8,11,-0.522922,122.212
902,1,1907,376,0,373,377,378,LANDSAT,16,18,-0.759851,164.621
903,1,1907,370,0,334,379,380,LANDSAT,4,23,-0.00491868,80.9975
904,1,1907,379,0,370,381,382,LANDSAT,8,11,-1.23741,195.808
905,1,1907,381,0,379,383,384,LANDSAT,4,23,0.521331,31.265
906,1,1907,384,0,381,385,386,LANDSAT,21,16,0.708219,16.2386
907,1,1907,386,1,384,387,388,LANDSAT,6,27,-2.99856,407.674
908,1,1907,388,0,386,389,390,LANDSAT,6,27,1.54157,-91.3177
909,1,1907,382,0,379,391,392,LANDSAT,6,27,1.24854,-53.2944
910,1,1907,380,0,370,393,394,LANDSAT,27,3,3.19724,-154.044
911,1,1907,393,0,380,395,396,LANDSAT,22,19,-1.82782,270.549
912,1,1907,395,0,393,397,398,LANDSAT,27,3,0.546805,38.4652
913,1,1907,397,0,395,399,400,LANDSAT,22,19,9.36502,-868.831
914,1,1907,396,0,393,401,402,LANDSAT,27,3,-747.938,60852.7
915,1,1907,401,1,396,403,404,LANDSAT,29,26,2.47722,-148.227
916,1,1907,402,0,396,405,406,LANDSAT,27,3,-0.808024,155.564
917,1,1907,405,0,402,407,408,LANDSAT,22,19,2.3948,-171.958
918,1,1907,408,1,405,409,410,LANDSAT,29,26,2.70127,-166.027
919,1,1907,410,1,408,411,412,LANDSAT,7,15,-0.552922,125.808
920,1,1907,332,1,329,413,414,LANDSAT,8,4,-0.942989,162.889
921,1,1907,413,0,332,415,416,LANDSAT,26,21,-1.17183,219.241
922,1,1907,415,0,413,417,418,LANDSAT,15,31,-0.288036,107.817
923,1,1907,417,0,415,419,420,LANDSAT,14,30,-1.92388,297.69
924,1,1907,420,1,417,421,422,LANDSAT,26,21,1.0324,-0.580383
925,1,1907,416,0,413,423,424,LANDSAT,26,21,-0.420235,152.321
926,1,1907,423,0,416,425,426,LANDSAT,14,3,-5.30534,583.885
927,1,1907,426,0,423,427,428,LANDSAT,10,12,-0.549424,143.937
928,1,1907,414,1,332,429,430,LANDSAT,12,25,-19.3887,1823.66
929,1,1907,429,1,414,431,432,LANDSAT,21,30,-0.0914744,106.531
930,1,1907,431,0,429,433,434,LANDSAT,13,14,-1.24574,227.727
931,1,1907,432,1,429,435,436,LANDSAT,21,30,0.839062,22.676
932,1,1907,435,1,432,437,438,LANDSAT,21,30,0.0605482,101.25
933,1,1907,437,1,435,439,440,LANDSAT,32,17,1.31331,-15.0183
934,1,1907,440,1,437,441,442,LANDSAT,32,17,-2.82063,337.696
935,1,1907,441,0,440,443,444,LANDSAT,32,17,-45.2161,3720.83
936,1,1907,438,0,435,445,446,LANDSAT,32,17,1.50317,-30.8943
937,1,1907,445,0,438,447,448,LANDSAT,32,17,-0.555375,150.641
938,1,1907,436,0,432,449,450,LANDSAT,0,34,1.20191,4.71912
939,1,1907,449,0,436,451,452,LANDSAT,0,34,-1.05039,194.567
940,1,1907,328,0,325,453,454,LANDSAT,0,34,-0.394002,149.124
941,1,1907,453,0,328,455,456,LANDSAT,0,34,-7.18752,661.224
942,1,1907,454,0,328,457,458,LANDSAT,32,17,-0.368713,135.227
943,1,1907,324,0,6,459,460,LANDSAT,18,2,0.0364625,115.765
944,1,1907,459,0,324,461,462,LANDSAT,0,34,-3.08895,345.474
945,1,1907,461,1,459,463,464,LANDSAT,0,34,-14.0581,1027.85
946,1,1907,464,1,461,465,466,LANDSAT,32,17,-0.966245,172.388
947,1,1907,466,0,464,467,468,LANDSAT,5,12,-0.121261,88.1844
948,1,1907,4,0,1,469,470,LANDSAT,18,2,-2.1994,369.041
949,1,1907,469,0,4,471,472,LANDSAT,0,34,1.57251,-15.1788
950,1,1907,471,3,469,473,474,LANDSAT,13,4,-0.782619,145.665
951,1,1907,473,1,471,475,476,LANDSAT,10,12,1.01555,-29.1151
952,1,1907,475,1,473,477,478,LANDSAT,10,12,-0.652026,150.891
953,1,1907,477,0,475,479,480,LANDSAT,8,20,1.06339,2.56395
954,1,1907,476,1,473,481,482,LANDSAT,9,25,1.36474,12.0124
955,1,1907,481,1,476,483,484,LANDSAT,8,20,-1.22723,142.123
956,1,1907,483,0,481,485,486,LANDSAT,10,12,1.26914,-32.5648
957,1,1907,485,0,483,487,488,LANDSAT,10,12,-0.0390391,68.5479
958,1,1907,486,0,483,489,490,LANDSAT,8,26,-5.66204,470.665
959,1,1907,484,0,481,491,492,LANDSAT,13,4,-0.932899,147.26
960,1,1907,492,0,484,493,494,LANDSAT,8,20,0.947148,1.78845
961,1,1907,493,0,492,495,496,LANDSAT,18,11,-24.1077,2362.09
962,1,1907,495,0,493,497,498,LANDSAT,8,26,0.255412,71.3662
963,1,1907,497,0,495,499,500,LANDSAT,8,20,-5.41542,462.437
964,1,1907,482,1,476,501,502,LANDSAT,8,26,5.32728,-198.705
965,1,1907,501,0,482,503,504,LANDSAT,8,26,20.3163,-1127.81
966,1,1907,504,0,501,505,506,LANDSAT,8,26,-9.64984,640.617
967,1,1907,474,0,471,507,508,LANDSAT,8,20,0.438307,38.2404
968,1,1907,507,2,474,509,510,LANDSAT,8,20,-0.49867,92.2679
969,1,1907,510,2,507,511,512,LANDSAT,8,20,1.18226,-8.98979
970,1,1907,511,2,510,513,514,LANDSAT,10,12,0.42082,36.7181
971,1,1907,514,1,511,515,516,LANDSAT,28,7,-1.73909,212.958
972,1,1907,515,0,514,517,518,LANDSAT,8,26,0.979408,47.9162
973,1,1907,508,0,474,519,520,LANDSAT,18,11,-12.6263,1516.85
974,1,1907,519,0,508,521,522,LANDSAT,8,20,-2.80822,244.043
975,1,1907,522,0,519,523,524,LANDSAT,8,20,-1.21235,176.496
976,1,1907,523,0,522,525,526,LANDSAT,8,26,-12.6458,993.446
977,1,1907,525,0,523,527,528,LANDSAT,8,26,6.12695,-285.836
978,1,1907,528,0,525,529,530,LANDSAT,13,4,0.458439,35.5584
979,1,1907,526,0,523,531,532,LANDSAT,8,26,7.49242,-487.536
980,1,1907,524,0,522,533,534,LANDSAT,8,20,0.491641,37.8157
981,1,1907,533,0,524,535,536,LANDSAT,18,11,1.23732,-48.4849
982,1,1907,534,0,524,537,538,LANDSAT,8,20,0.59573,31.0431
983,1,1907,472,0,469,539,540,LANDSAT,10,12,0.569816,18.2175
984,1,1907,539,0,472,541,542,LANDSAT,8,18,1.75973,-35.8674
985,1,1907,541,0,539,543,544,LANDSAT,8,20,-1.46265,194.23
986,1,1907,542,0,539,545,546,LANDSAT,26,35,-0.715486,164.469
987,1,1907,545,0,542,547,548,LANDSAT,10,12,-0.0248582,60.945
988,1,1907,547,0,545,549,550,LANDSAT,10,12,0.460165,19.56
989,1,1907,548,0,545,551,552,LANDSAT,10,12,-0.0807768,77.9247
990,1,1907,551,0,548,553,554,LANDSAT,8,20,-0.328689,95.8251
991,1,1907,553,0,551,555,556,LANDSAT,8,20,-0.484932,88.2839
992,1,1907,555,0,553,557,558,LANDSAT,8,20,-7.22999,406.171
993,1,1907,558,0,555,559,560,LANDSAT,10,12,-0.273435,84.5276
994,1,1907,556,0,553,561,562,LANDSAT,17,9,-0.174321,111.157
995,1,1907,561,1,556,563,564,LANDSAT,10,12,-0.926712,161.875
996,1,1907,563,0,561,565,566,LANDSAT,10,12,-0.227642,79.9122
997,1,1907,566,0,563,567,568,LANDSAT,8,20,-1.00063,122.503
998,1,1907,568,0,566,569,570,LANDSAT,8,20,0.0647574,57.0826
999,1,1907,569,0,568,571,572,LANDSAT,8,20,0.888368,3.09513
1000,1,1907,564,0,561,573,574,LANDSAT,8,26,-0.429214,126.952
1001,1,1907,552,0,548,575,576,LANDSAT,8,20,-0.448466,101.378
1002,1,1907,575,0,552,577,578,LANDSAT,8,20,-0.661956,97.5457
1003,1,1907,546,0,542,579,580,LANDSAT,8,20,-2.0672,241.484
1004,1,1909,0,2,0,1,2,IRIS,3,1,1.07246,2.1067
1005,1,1909,1,1,0,3,4,IRIS,3,0,-5.11585,14.5321
1006,1,1909,0,0,0,0,0,END,0,0,0,0
1007,1,1910,0,1,0,1,2,BREASTCANCER,6,2,-0.662708,8.54881
1008,1,1910,1,0,0,3,4,BREASTCANCER,5,7,-1.84506,13.7148
1009,1,1910,0,0,0,0,0,END,0,0,0,0
1010,1,1911,0,1,0,1,2,PIMA-INDIANS-DIABETES,7,1,-0.832136,173.634
1011,1,1911,1,1,0,3,4,PIMA-INDIANS-DIABETES,7,1,-1.45584,157.696
1012,1,1911,4,1,1,5,6,PIMA-INDIANS-DIABETES,5,2,-1.73162,121.489
1013,1,1911,5,0,4,7,8,PIMA-INDIANS-DIABETES,0,1,-3.84874,139.328
1014,1,1911,8,1,5,9,10,PIMA-INDIANS-DIABETES,2,4,24.8821,-1597.22
1015,1,1911,9,0,8,11,12,PIMA-INDIANS-DIABETES,7,2,-0.0812389,74.5755
1016,1,1911,0,0,0,0,0,END,0,0,0,0
1017,1,1912,0,0,0,1,2,VEHICLE,7,11,35.925,-1176.72
1018,1,1912,1,1,0,3,4,VEHICLE,7,11,9.87988,-166.641
1019,1,1912,3,1,1,5,6,VEHICLE,13,16,-0.893142,250.699
1020,1,1912,5,0,3,7,8,VEHICLE,8,15,-13.677,263.334
1021,1,1912,7,0,5,9,10,VEHICLE,2,8,0.0822325,12.4046
1022,1,1912,9,1,7,11,12,VEHICLE,8,15,-9.72105,182.715
1023,1,1912,10,0,7,13,14,VEHICLE,2,8,0.823536,-36.9145
1024,1,1912,14,0,10,15,16,VEHICLE,10,8,0.0912203,4.79309
1025,1,1912,15,0,14,17,18,VEHICLE,6,16,0.332402,136.188
1026,1,1912,6,0,3,19,20,VEHICLE,8,9,8.86626,-30.8394
1027,1,1912,19,1,6,21,22,VEHICLE,17,0,-0.319498,148.159
1028,1,1912,21,0,19,23,24,VEHICLE,4,17,1.61949,90.9711
1029,1,1912,22,0,19,25,26,VEHICLE,5,12,-21.7592,293.622
1030,1,1912,4,0,1,27,28,VEHICLE,4,8,-0.0210558,20.7415
1031,1,1912,27,0,4,29,30,VEHICLE,5,12,-34.8274,470.138
1032,1,1912,29,0,27,31,32,VEHICLE,14,8,0.0529855,18.5457
1033,1,1912,31,3,29,33,34,VEHICLE,14,8,-0.00408369,18.4144
1034,1,1912,33,0,31,35,36,VEHICLE,4,7,-0.371571,69.8436
1035,1,1912,34,1,31,37,38,VEHICLE,4,7,-0.0780442,48.8239
1036,1,1912,38,0,34,39,40,VEHICLE,4,8,-0.856949,72.6356
1037,1,1912,39,0,38,41,42,VEHICLE,3,8,-0.160694,40.0838
1038,1,1912,42,0,39,43,44,VEHICLE,14,9,-0.3158,145.428
1039,1,1912,2,1,0,45,46,VEHICLE,10,16,0.322667,107.841
1040,1,1912,46,1,2,47,48,VEHICLE,10,16,-0.275709,236.323
1041,1,1912,48,1,46,49,50,VEHICLE,7,6,-4.85643,359.09
1042,1,1912,49,2,48,51,52,VEHICLE,9,5,0.0141232,5.06395
1043,1,1912,52,0,49,53,54,VEHICLE,7,8,-0.45709,38.0785
1044,1,1912,53,0,52,55,56,VEHICLE,3,16,0.412443,115.087
1045,1,1912,55,0,53,57,58,VEHICLE,8,16,-224.652,5038.68
1046,1,1912,57,1,55,59,60,VEHICLE,3,15,-0.844081,173.501
1047,1,1912,60,0,57,61,62,VEHICLE,3,14,-0.426131,91.1232
1048,1,1912,58,0,55,63,64,VEHICLE,13,1,-0.989101,116.247
1049,1,1912,63,0,58,65,66,VEHICLE,17,0,-2.07208,528.929
1050,1,1912,64,1,58,67,68,VEHICLE,17,3,-0.728403,342.845
1051,1,1912,56,0,53,69,70,VEHICLE,8,7,15.2085,-291.992
1052,1,1912,70,0,56,71,72,VEHICLE,5,10,-1.9405,206.979
1053,1,1912,72,0,70,73,74,VEHICLE,9,5,-0.0940684,21.1357
1054,1,1912,73,0,72,75,76,VEHICLE,15,7,-37.0121,1079.02
1055,1,1912,54,1,52,77,78,VEHICLE,15,7,-5.0527,142.837
1056,1,1912,77,1,54,79,80,VEHICLE,7,6,11.8266,-321.471
1057,1,1912,79,0,77,81,82,VEHICLE,15,7,-0.074403,42.772
1058,1,1912,80,1,77,83,84,VEHICLE,3,16,-0.616282,321.751
1059,1,1912,50,1,48,85,86,VEHICLE,7,6,7.92732,-92.8762
1060,1,1912,85,0,50,87,88,VEHICLE,7,6,6.83412,-96.6287
1061,1,1912,87,1,85,89,90,VEHICLE,7,6,55.1527,-2076.31
1062,1,1912,89,0,87,91,92,VEHICLE,8,16,-68.1924,1518.94
1063,1,1912,91,0,89,93,94,VEHICLE,3,14,-0.00784543,6.88519
1064,1,1912,94,0,91,95,96,VEHICLE,3,14,-0.200679,42.0663
1065,1,1912,92,0,89,97,98,VEHICLE,2,6,0.309973,135.669
1066,1,1912,97,0,92,99,100,VEHICLE,15,7,0.000770576,41.4988
1067,1,1912,100,0,97,101,102,VEHICLE,15,7,1.47586,20.5147
1068,1,1912,102,0,100,103,104,VEHICLE,15,7,3.62283,1.99416
1069,1,1912,98,1,92,105,106,VEHICLE,8,16,-2.99613,253.365
1070,1,1912,105,0,98,107,108,VEHICLE,3,16,0.73777,70.8401
1071,1,1912,90,0,87,109,110,VEHICLE,3,16,4.90771,-676.702
1072,1,1912,109,0,90,111,112,VEHICLE,3,16,2.8147,-344.792
1073,1,1912,88,1,85,113,114,VEHICLE,2,6,3.33448,-111.901
1074,1,1912,86,0,50,115,116,VEHICLE,9,5,-0.00769808,8.85052
1075,1,1912,116,0,86,117,118,VEHICLE,5,10,199.755,-1867.92
1076,1,1912,117,1,116,119,120,VEHICLE,6,8,0.179083,-14.8243
1077,1,1913,0,1,0,1,2,BREASTCANCER,0,6,-0.817176,7.3994
1078,1,1913,1,0,0,3,4,BREASTCANCER,6,5,-1.79933,12.9342
1079,1,1913,0,0,0,0,0,END,0,0,0,0
1080,1,1914,0,0,0,0,0,END,0,0,0,0
1081,1,1915,0,0,0,1,2,PIMA-INDIANS-DIABETES,4,2,-0.0863244,26.3809
1082,1,1915,1,0,0,3,4,PIMA-INDIANS-DIABETES,3,1,-1.42432,130.498
1083,1,1915,2,0,0,5,6,PIMA-INDIANS-DIABETES,5,1,-2.16538,218.422
1084,1,1915,5,0,2,7,8,PIMA-INDIANS-DIABETES,6,3,-37.4493,53.4311
1085,1,1915,7,0,5,9,10,PIMA-INDIANS-DIABETES,4,7,-0.0491148,45.9742
1086,1,1915,9,0,7,11,12,PIMA-INDIANS-DIABETES,6,0,-7.5214,9.84941
1087,1,1915,11,0,9,13,14,PIMA-INDIANS-DIABETES,2,0,-0.229649,14.8994
1088,1,1915,0,0,0,0,0,END,0,0,0,0
1089,1,1942,0,2,0,1,2,IRIS,3,2,-2.2361,4.3056
1090,1,1942,2,0,0,3,4,IRIS,3,2,-2.23557,8.3135
1091,1,1942,0,0,0,0,0,END,0,0,0,0
1092,1,1943,0,2,0,1,2,IRIS,2,3,-0.573339,4.25122
1093,1,1943,1,1,0,3,4,IRIS,2,3,-0.3968,1.8642
1094,1,1943,0,0,0,0,0,END,0,0,0,0
1095,1,1944,0,2,0,1,2,IRIS,3,1,3.92886,-0.562197
1096,1,1944,1,1,0,3,4,IRIS,2,3,-0.55821,4.27891
1097,1,1944,0,0,0,0,0,END,0,0,0,0
1098,1,1945,0,2,0,1,2,VEHICLE,5,13,0.0199185,74.4029
1099,1,1945,1,0,0,3,4,VEHICLE,5,7,-1.01132,52.6097
1100,1,1945,3,0,1,5,6,VEHICLE,5,7,36.4009,-231.206
1101,1,1945,5,0,3,7,8,VEHICLE,7,17,-1.18162,233.134
1102,1,1945,7,1,5,9,10,VEHICLE,3,5,0.0614182,-3.76375
1103,1,1945,10,1,7,11,12,VEHICLE,11,0,0.0922009,42.1043
1104,1,1945,8,1,5,13,14,VEHICLE,4,7,0.742437,-7.5851
1105,1,1945,13,1,8,15,16,VEHICLE,0,4,-0.339583,97.405
1106,1,1945,15,1,13,17,18,VEHICLE,0,4,0.373989,22.8054
1107,1,1945,17,0,15,19,20,VEHICLE,0,4,0.0095966,55.4644
1108,1,1945,19,0,17,21,22,VEHICLE,0,4,-0.170294,72.1259
1109,1,1945,20,0,17,23,24,VEHICLE,4,7,-1.95504,145.691
1110,1,1945,23,1,20,25,26,VEHICLE,17,5,11.0395,-2169.2
1111,1,1945,24,0,20,27,28,VEHICLE,5,8,-0.862757,30.2093
1112,1,1945,28,0,24,29,30,VEHICLE,9,8,-0.0883239,38.0948
1113,1,1945,18,1,15,31,32,VEHICLE,4,7,1.61838,-66.2608
1114,1,1945,31,0,18,33,34,VEHICLE,2,13,0.590074,14.5669
1115,1,1945,34,0,31,35,36,VEHICLE,9,16,-0.104134,207.17
1116,1,1945,32,0,18,37,38,VEHICLE,5,8,11.7924,-80.8576
1117,1,1945,37,1,32,39,40,VEHICLE,2,16,0.372913,161.476
1118,1,1945,40,0,37,41,42,VEHICLE,0,4,0.496883,13.9413
1119,1,1945,43,1,38,45,46,VEHICLE,11,0,-0.119328,143.892
1120,1,1945,16,1,13,47,48,VEHICLE,0,4,3.54866,-319.616
1121,1,1945,48,1,16,49,50,VEHICLE,5,8,0.0105405,23.3698
1122,1,1945,49,0,48,51,52,VEHICLE,11,0,0.0229388,89.1611
1123,1,1945,51,0,49,53,54,VEHICLE,17,5,0,8.65113
1124,1,1945,53,0,51,55,56,VEHICLE,9,16,-0.137893,211.68
1125,1,1945,0,0,0,0,0,END,0,0,0,0
1126,1,1946,0,1,0,1,2,PIMA-INDIANS-DIABETES,5,1,-2.25571,200.011
1127,1,1946,1,1,0,3,4,PIMA-INDIANS-DIABETES,2,7,0,23.8226
1128,1,1946,3,1,1,5,6,PIMA-INDIANS-DIABETES,5,6,-0.0204367,0.912739
1129,1,1946,6,1,3,7,8,PIMA-INDIANS-DIABETES,2,0,0,2.57611
1130,1,1946,7,0,6,9,10,PIMA-INDIANS-DIABETES,0,3,-2.65782,34.9462
1131,1,1946,10,1,7,11,12,PIMA-INDIANS-DIABETES,3,0,-0.327643,14.0735
1132,1,1946,11,0,10,13,14,PIMA-INDIANS-DIABETES,5,4,212.32,-8058.74
1133,1,1946,8,0,6,15,16,PIMA-INDIANS-DIABETES,1,6,-0.00833987,1.43437
1134,1,1946,4,1,1,17,18,PIMA-INDIANS-DIABETES,5,1,-7.89729,307.634
1135,1,1946,18,1,4,19,20,PIMA-INDIANS-DIABETES,6,7,-39.1618,66.9976
1136,1,1946,19,0,18,21,22,PIMA-INDIANS-DIABETES,7,2,4.18468,-70.6763
1137,1,1946,21,0,19,23,24,PIMA-INDIANS-DIABETES,4,3,0.875991,-69.6765
1138,1,1946,23,1,21,25,26,PIMA-INDIANS-DIABETES,5,4,3.23943,81.0227
1139,1,1946,25,0,23,27,28,PIMA-INDIANS-DIABETES,5,4,3.83749,7.18792
1140,1,1946,24,0,21,29,30,PIMA-INDIANS-DIABETES,4,0,12.5796,-177.526
1141,1,1946,30,0,24,31,32,PIMA-INDIANS-DIABETES,4,3,0.885433,26.6779
1142,1,1946,31,0,30,33,34,PIMA-INDIANS-DIABETES,4,0,-0.0387308,7.3425
1143,1,1946,33,0,31,35,36,PIMA-INDIANS-DIABETES,1,0,0.331168,-30.1354
1144,1,1946,35,1,33,37,38,PIMA-INDIANS-DIABETES,7,5,0.0319072,25.2732
1145,1,1946,38,0,35,39,40,PIMA-INDIANS-DIABETES,1,6,-0.0241766,3.58468
1146,1,1946,34,0,31,41,42,PIMA-INDIANS-DIABETES,6,7,271.453,-69.5403
1147,1,1946,32,1,30,43,44,PIMA-INDIANS-DIABETES,4,2,0.435903,76.5925
1148,1,1946,44,0,32,45,46,PIMA-INDIANS-DIABETES,4,3,0.547405,36.5723
1149,1,1946,22,0,19,47,48,PIMA-INDIANS-DIABETES,4,0,-0.0339069,5.58414
1150,1,1946,47,0,22,49,50,PIMA-INDIANS-DIABETES,0,7,5.38859,10.1859
1151,1,1946,49,0,47,51,52,PIMA-INDIANS-DIABETES,1,0,0.0758989,-5.03356
1152,1,1946,52,0,49,53,54,PIMA-INDIANS-DIABETES,4,6,-0.024869,0.201249
1153,1,1946,48,0,22,55,56,PIMA-INDIANS-DIABETES,0,3,9.31397,-8.98775
1154,1,1946,55,0,48,57,58,PIMA-INDIANS-DIABETES,0,3,14.1384,-64.4707
1155,1,1946,57,0,55,59,60,PIMA-INDIANS-DIABETES,0,2,5.87996,51.9099
1156,1,1946,20,1,18,61,62,PIMA-INDIANS-DIABETES,5,4,-221.572,8379.08
1157,1,1946,61,1,20,63,64,PIMA-INDIANS-DIABETES,6,7,43.6381,29.6846
1158,1,1946,63,0,61,65,66,PIMA-INDIANS-DIABETES,5,6,3.17431,-100.319
1159,1,1946,65,0,63,67,68,PIMA-INDIANS-DIABETES,4,7,3.55542,-53.4783
1160,1,1946,66,0,63,69,70,PIMA-INDIANS-DIABETES,3,1,0.0402182,126.893
1161,1,1946,2,1,0,71,72,PIMA-INDIANS-DIABETES,1,5,-0.366493,93.4108
1162,1,1946,71,0,2,73,74,PIMA-INDIANS-DIABETES,6,7,-28.6571,64.7323
1163,1,1946,73,0,71,75,76,PIMA-INDIANS-DIABETES,6,7,-28.9085,53.3862
1164,1,1946,75,0,73,77,78,PIMA-INDIANS-DIABETES,5,1,-0.484501,171.884
1165,1,1946,77,0,75,79,80,PIMA-INDIANS-DIABETES,2,6,0.0840038,-2.77013
1166,1,1946,79,0,77,81,82,PIMA-INDIANS-DIABETES,5,1,-2.86119,234.567
1167,1,1946,81,0,79,83,84,PIMA-INDIANS-DIABETES,5,1,4.03803,-48.9557
1168,1,1946,84,0,81,85,86,PIMA-INDIANS-DIABETES,5,1,13.4576,-311.97
1169,1,1946,86,1,84,87,88,PIMA-INDIANS-DIABETES,3,7,0.513478,24.3021
1170,1,1946,88,1,86,89,90,PIMA-INDIANS-DIABETES,2,6,0.00421302,-0.167188
1171,1,1946,82,0,79,91,92,PIMA-INDIANS-DIABETES,1,4,-10.3879,1474.39
1172,1,1946,91,0,82,93,94,PIMA-INDIANS-DIABETES,4,5,-2.62926,558.055
1173,1,1946,92,1,82,95,96,PIMA-INDIANS-DIABETES,5,1,1.28733,100.389
1174,1,1946,80,0,77,97,98,PIMA-INDIANS-DIABETES,5,2,-7.10367,265.542
1175,1,1946,78,1,75,99,100,PIMA-INDIANS-DIABETES,2,6,-0.0135249,1.44086
1176,1,1946,76,1,73,101,102,PIMA-INDIANS-DIABETES,7,4,54.236,-2565.91
1177,1,1946,101,0,76,103,104,PIMA-INDIANS-DIABETES,7,3,403.69,-20804.7
1178,1,1946,104,0,101,105,106,PIMA-INDIANS-DIABETES,6,5,-261.078,80.8969
1179,1,1946,102,1,76,107,108,PIMA-INDIANS-DIABETES,7,4,-16.4318,460.577
1180,1,1946,108,1,102,109,110,PIMA-INDIANS-DIABETES,4,5,0.24829,-12.9038
1181,1,1946,74,0,71,111,112,PIMA-INDIANS-DIABETES,2,6,-0.0290337,2.66966
1182,1,1946,72,0,2,113,114,PIMA-INDIANS-DIABETES,4,0,0,6.88759
1183,1,1946,113,0,72,115,116,PIMA-INDIANS-DIABETES,7,2,1.05229,-1.55253
1184,1,1946,116,0,113,117,118,PIMA-INDIANS-DIABETES,7,0,0.300817,-9.47908
1185,1,1946,118,0,116,119,120,PIMA-INDIANS-DIABETES,0,1,-9.40686,198.632
1186,1,1946,114,0,72,121,122,PIMA-INDIANS-DIABETES,0,7,3.93367,30.3562
1187,1,1946,0,0,0,0,0,END,0,0,0,0
1188,1,1947,0,1,0,1,2,LANDSAT,17,27,0.894908,51.7968
1189,1,1947,1,1,0,3,4,LANDSAT,13,25,-0.673391,108.473
1190,1,1947,3,0,1,5,6,LANDSAT,12,5,-0.135154,46.2752
1191,1,1947,4,0,1,7,8,LANDSAT,2,7,-1.63848,212.041
1192,1,1947,7,0,4,9,10,LANDSAT,4,12,-0.571195,85.1275
1193,1,1947,10,0,7,11,12,LANDSAT,26,30,-0.896213,166.003
1194,1,1947,12,1,10,13,14,LANDSAT,16,24,-5.30777,431.857
1195,1,1947,13,0,12,15,16,LANDSAT,16,24,-0.732367,104.995
1196,1,1947,16,0,13,17,18,LANDSAT,16,24,-5.11447,396.202
1197,1,1947,8,0,4,19,20,LANDSAT,16,24,-35.0979,2735.22
1198,1,1947,19,0,8,21,22,LANDSAT,8,9,1.78434,-36.9856
1199,1,1947,21,2,19,23,24,LANDSAT,16,24,1.62522,-23.1583
1200,1,1947,0,0,0,0,0,END,0,0,0,0
1201,1,2002,0,0,0,1,2,PIMA-INDIANS-DIABETES,4,0,-0.0149852,9.37658
1202,1,2002,1,0,0,3,4,PIMA-INDIANS-DIABETES,1,6,-0.0188853,2.34376
1203,1,2002,3,0,1,5,6,PIMA-INDIANS-DIABETES,1,6,0.00451114,0.592338
1204,1,2002,5,0,3,7,8,PIMA-INDIANS-DIABETES,1,5,-0.262534,53.4563
1205,1,2002,8,0,5,9,10,PIMA-INDIANS-DIABETES,0,1,-0.77523,95.4714
1206,1,2002,10,1,8,11,12,PIMA-INDIANS-DIABETES,1,4,-0.127796,20.1589
1207,1,2002,11,1,10,13,14,PIMA-INDIANS-DIABETES,2,4,0.164873,-12.936
1208,1,2002,13,0,11,15,16,PIMA-INDIANS-DIABETES,2,4,0.238432,-25.3321
1209,1,2002,14,0,11,17,18,PIMA-INDIANS-DIABETES,6,1,326.382,50.8465
1210,1,2002,17,0,14,19,20,PIMA-INDIANS-DIABETES,4,2,0.228094,72.8289
1211,1,2002,19,0,17,21,22,PIMA-INDIANS-DIABETES,0,3,8.55241,-31.9621
1212,1,2002,21,1,19,23,24,PIMA-INDIANS-DIABETES,0,3,5.76246,-41.9527
1213,1,2002,20,0,17,25,26,PIMA-INDIANS-DIABETES,6,1,-82.1029,119.627
1214,1,2002,12,0,10,27,28,PIMA-INDIANS-DIABETES,1,2,0.473134,34.6366
1215,1,2002,4,0,1,29,30,PIMA-INDIANS-DIABETES,1,2,-2.65495,291.43
1216,1,2002,30,0,4,31,32,PIMA-INDIANS-DIABETES,7,2,8.14796,-156.381
1217,1,2002,31,1,30,33,34,PIMA-INDIANS-DIABETES,6,1,-63.2336,180.643
1218,1,2002,33,0,31,35,36,PIMA-INDIANS-DIABETES,3,1,91.1992,-232.66
1219,1,2007,0,2,0,1,2,IRIS,3,2,-2.14667,3.99534
1220,1,2007,2,0,0,3,4,IRIS,3,2,-2.43064,8.62821
1221,1,2007,4,0,2,5,6,IRIS,1,0,1.24023,1.95557
1222,1,2007,0,0,0,0,0,END,0,0,0,0
